IL ID,Cation,Anion,a,b,R^2
1,"azp-2o1,1",ntf2,-0.8812991316918174,0.0037133553799773345,0.9928649355590388
2,"azp-2o1,1",otf,-0.8882307080157692,0.00341744870428707,0.999010797163617
3,"azp-2o1,1",tfa,-1.0249505642163,0.003925807826370819,0.9996266748916192
4,"azp-2o1,2o1",ntf2,-1.003296023055404,0.004140935658804455,0.9990847943578318
5,"azp-4,1",ntf2,-0.9630614039497187,0.0038274546066007346,0.9996071664741293
6,"azp-6,1",ntf2,-0.9760135849472878,0.003842033540455991,0.9997876802852179
7,"azp-[2o]21,1",ntf2,-0.8971492843556318,0.003790999313886887,0.9974775116982235
8,"azp-[2o]21,1",otf,-0.9177336786099222,0.0035995172335821133,0.9998666363241429
9,"azp-[2o]21,1",tfa,-1.0003154039470852,0.003889713048351313,0.9994619273786911
10,"azp-[2o]21,[2o]21",ntf2,-0.9964225375139744,0.0040183603218817854,0.9997657083515639
11,"bim-4,2",h2po4,-0.7588169639436216,0.002849471884147423,0.9997969430037777
15,"cguad-(2,1),1,1",ntf2,-0.7868442747017107,0.0037102923586085847,0.9982693189048253
16,"cguad-(2,2),1,1",ntf2,-0.7904166631106602,0.003725050143494431,0.999019156724778
17,"cguad-(3,1),1,1",ntf2,-0.8264462622362024,0.0037951711265349036,0.9992642968938205
18,"cprop-(n-10,10),(n-10,10),(n-10,10)",dca,-0.9142989492606429,0.0036205048096455343,0.9994067882009751
19,"cprop-(n-10,10),(n-10,10),(n-10,10)",ntf2,-0.8555952731052704,0.003471374445341716,0.9995675589901811
20,"cprop-(n-2,1),(n-1,1),(n-1,1)",ntf2,-0.7044878922545462,0.003386418317997942,0.9992426276452653
21,"cprop-(n-2,1),(n-2,1),(n-2,1)",ntf2,-0.853109836944812,0.003860031143717909,0.9998614818425929
22,"cprop-(n-2,2),(n-1,1),(n-1,1)",ntf2,-0.8459491464646869,0.0037961542501370737,0.9998180429263601
23,"cprop-(n-2,2),(n-2,2),(n-1,1)",dca,-0.8684186082757015,0.003983586084529577,0.9990770445669755
24,"cprop-(n-2,2),(n-2,2),(n-1,1)",ntf2,-0.8569730558943958,0.003832495453505326,0.9998658130165652
25,"cprop-(n-2,2),(n-2,2),(n-2,2)",dca,-0.8369706058698685,0.0038441305464417827,0.9992447356006902
26,"cprop-(n-2,2),(n-2,2),(n-2,2)",ntf2,-0.843453260402388,0.003750656701091297,0.9996376013386664
27,"cprop-(n-3,1),(n-1,1),(n-1,1)",dca,-0.9714027855535363,0.004172226914043203,0.9976230373045514
28,"cprop-(n-3,1),(n-1,1),(n-1,1)",ntf2,-0.9111716850915724,0.004063970396443424,0.998763981454814
29,"cprop-(n-3,3),(n-1,1),(n-1,1)",ntf2,-0.917494345069667,0.003973597318988678,0.9991853745048956
30,"cprop-(n-3,3),(n-3,3),(n-3,3)",dca,-1.168927335711217,0.004856996561537961,0.9996635424595691
31,"cprop-(n-3,3),(n-3,3),(n-3,3)",ntf2,-0.9488839133466186,0.0039028158350787865,0.9994212749325413
32,"cprop-(n-4,1),(n-1,1),(n-1,1)",dca,-1.034768801296287,0.00451155348613511,0.9987057322675919
33,"cprop-(n-4,1),(n-1,1),(n-1,1)",ntf2,-0.8792542755584813,0.003941294274993206,0.9988226150172369
34,"cprop-(n-4,1),(n-2,2),(n-2,2)",dca,-0.8970504382047528,0.004011986217868521,0.9993033184404391
35,"cprop-(n-4,1),(n-2,2),(n-2,2)",ntf2,-0.8798198337303925,0.0038414966483903894,0.9999446814852887
36,"cprop-(n-4,1),(n-4,1),(n-4,1)",dca,-1.0059182915492728,0.0042970638426178065,0.9994455122703995
37,"cprop-(n-4,1),(n-4,1),(n-4,1)",ntf2,-0.9324714474207733,0.004036259636118098,0.9998745593861351
38,"cprop-(n-4,4),(n-1,1),(n-1,1)",ntf2,-0.9519749058536695,0.00407113118054856,0.9993308200039378
39,"cprop-(n-4,4),(n-2,2),(n-2,2)",dca,-0.9158049872110715,0.0039766089730729195,0.9994908825225344
40,"cprop-(n-4,4),(n-2,2),(n-2,2)",ntf2,-0.8888360322245127,0.0038320262052759157,0.9998021853449887
41,"cprop-(n-4,4),(n-4,4),(n-4,4)",dca,-0.868676196689318,0.003589670369373937,0.9997501662296648
42,"cprop-(n-4,4),(n-4,4),(n-4,4)",ntf2,-0.8580432205681967,0.0035881575702428775,0.9994454748708177
43,"cprop-(n-5,5),(n-5,5),(n-5,5)",dca,-0.9581414064281729,0.0038734402691994914,0.9997323881970247
44,"cprop-(n-5,5),(n-5,5),(n-5,5)",ntf2,-0.8634656783352881,0.0035729733923522346,0.9996979559789306
45,"cprop-(n-6,1),(n-1,1),(n-1,1)",ntf2,-0.9053971202860355,0.003973061471169223,0.9993728894606815
46,"cprop-(n-6,1),(n-2,2),(n-2,2)",dca,-0.9055597035959433,0.003996192121736247,0.9994585131499365
47,"cprop-(n-6,1),(n-2,2),(n-2,2)",ntf2,-0.865311663995421,0.0038084675118534223,0.9998332635614893
48,"cprop-(n-6,6),(n-1,1),(n-1,1)",ntf2,-0.8596254728577721,0.003658147626690423,0.9962462666530453
49,"cprop-(n-6,6),(n-2,2),(n-2,2)",dca,-0.9493451938744726,0.0040322694020513555,0.9998606571343648
50,"cprop-(n-6,6),(n-2,2),(n-2,2)",ntf2,-0.9065295293459239,0.0038013314626245197,0.9998440181747053
51,"cprop-(n-6,6),(n-6,6),(n-6,6)",dca,-0.8608904171634403,0.0035335655080330026,0.9999298815388549
52,"cprop-(n-6,6),(n-6,6),(n-6,6)",ntf2,-0.80293651983578,0.003369425927916482,0.9999187704606737
53,dabco-6,ntf2,-0.9461139254125372,0.0036288178763897306,0.9948327401681101
54,dbu-10,dca,-0.9225832315194736,0.0036329128715406264,0.9999065644305657
55,dbu-10,scn,-0.9237058005598339,0.0034556601982298017,0.9992431479161705
56,dbu-14,dca,-0.9408977322263238,0.0034262493635016495,0.9976490141016969
57,dbu-2,dca,-0.982111854768917,0.0040502048270595345,0.9965133072666367
58,dbu-4,dca,-0.9424368978583054,0.003868687535450567,0.9989054581742373
59,dbu-4,imidazolide,-1.3700753599299544,0.005516652629708016,0.9996991781488371
60,dbu-6,dca,-0.9682878928437223,0.0038487605237330727,0.9995692692432347
61,dbu-6,scn,-0.982614347283851,0.003608588493316221,0.9988053467711462
62,dbu-8,dca,-0.919599385147627,0.003660117418888406,0.9992975597394229
63,dbu-8,scn,-0.9608509848019836,0.003613758714994729,0.999514743944292
64,dbu,ac,-1.1171011954472743,0.0045597968434111565,0.9994255787301712
65,dbu,imidazolide,-1.4380535645255943,0.005977106956840556,0.9997902889771433
66,dbu,otf,-0.8591642836993449,0.003339224753122163,0.9997867655383638
67,dbu,so3-1,-1.0125576652624126,0.003738134387687231,0.9992516325235977
68,dbu,tfa,-1.01669061277358,0.0038700383344162656,0.9998909705979504
69,epslac,4ac,-1.4381637438605905,0.0060244561477334245,0.9996420761166676
70,epslac,ac,-1.4136455036657871,0.005964766689466325,0.9992529553116514
72,epslac,for,-1.2518034533563311,0.005494650505248399,0.9996671999630641
75,"guad-(1,1),(1,1),2",ntf2,-0.8532980259702236,0.0038499257513149856,0.999613791590016
76,"guad-(1,1),(1,1),2",so4-2,-0.9983876698281459,0.0038884973177319565,0.9999890791469427
77,"guad-(1,1),(1,1)",imidazolide,-1.0037873807283324,0.005213131879679318,0.8947132637619504
80,"guad-(2,1),(1,1),(1,1)",ntf2,-0.7938776330141624,0.003664541817124296,0.9990560618620896
81,"guad-(2,2),(1,1),(1,1)",ntf2,-0.7841193884213689,0.0036440841656946482,0.9992380981501839
82,"guad-(2,2),(1,1),(1,1)",so4-2,-0.9869953522917837,0.004072894907865619,0.9999876489342894
83,"guad-(2o1,2o1),(1,1),(1,1)",ntf2,-0.8929732671462781,0.003989426954195126,0.9986941510993562
84,"guad-(2o2,2o1),(1,1),(1,1)",ntf2,-0.8836554310109002,0.00397145995496213,0.9990644608244486
85,"guad-(3,1),(1,1),(1,1)",ntf2,-0.8720001958370345,0.003869173194016985,0.9992720073809848
86,"guad-(3,2),(1,1),(1,1)",ntf2,-0.842259486912124,0.003766362866008374,0.9992302124683387
87,"guad-(3,3),(1,1),(1,1)",ntf2,-0.9148892663111406,0.003919166091174446,0.9995976491140659
88,"guad-(4,1),(1,1),(1,1)",ntf2,-0.880327264169961,0.003859636463819146,0.9996158017319592
89,"guad-(4,2),(1,1),(1,1)",ntf2,-0.8709440586839069,0.003833381869675172,0.9995752924689936
90,"guad-(4,3),(1,1),(1,1)",ntf2,-0.838889118326981,0.0036576715242959707,0.9995320060112227
91,"guad-(4,4),(1,1),(1,1)",ntf2,-0.9359122483846639,0.0039551461945356685,0.9998301580342546
94,"guad-(6,6),(6,6),(1,1)",ntf2,-0.26933114050504064,0.0014857509131363826,0.8422306762728905
104,"im-1,1,1o2",ntf2,-0.8525636649210004,0.0038554871616561103,0.999646350543617
105,"im-1,1,1o3",ntf2,-0.9301433595280693,0.00408303949327076,0.9995820225286155
106,"im-1,1[2]",ntf2,-0.8628676580892753,0.003722887675021146,0.998517545045619
110,"im-1,1",dca,-0.7673989451316762,0.004056553661756087,0.9985313488647612
111,"im-1,1",ntf2,-0.6990698476128792,0.003469293474519361,0.9943198014658248
112,"im-1,1","po2-o1,o1",-0.49923525991907947,0.0022953678009644254,0.7320244421595352
113,"im-1,1",so4-1,-0.8135578943740037,0.0036555398135844565,0.9947343577904149
123,"im-10,10",ntf2,-0.8021119279682924,0.0033845992178801127,0.9896521757739718
125,"im-10,1",al(ohfip)4,-1.0381114987667455,0.004530554758917713,0.9999190349766693
126,"im-10,1",bf4,-0.5515683080285015,0.002401878893093382,0.4066024561159296
127,"im-10,1",cl,-0.7934238547883352,0.0027938715463276106,0.9971344582929221
131,"im-10,1",ntf2,-0.8427556219350358,0.003634484934327729,0.9900691844771826
133,"im-10,1",phen,-0.9694466698242445,0.0038575759156476595,0.9948827526898145
136,"im-10,1",so3-4[f],-0.8988531146007626,0.0035002312381516754,0.9997497709482374
137,"im-10,1",tcb,-0.9953172644390412,0.004203929661274457,0.9999277348424996
138,"im-11,1",ntf2,-0.8444416869674465,0.0036002297355994914,0.9998852644677132
139,"im-12,12",ntf2,-0.8530258674908443,0.0034502018118368867,0.999990824033131
140,"im-12,1",ntf2,-0.8515682821762799,0.003615237634243442,0.9949390060319157
141,"im-12,1",so3-4[f],-0.9308184547028265,0.0035607080899098787,0.9999682201829966
142,"im-14,1",ntf2,-0.8392736450184909,0.0035027742148295554,0.9895298064255187
143,"im-16,1",ntf2,-0.841790605491459,0.0034338348871841423,0.9999443344022315
145,im-1,ac,-1.0723746524953892,0.005473255794585372,0.9999796553536227
146,im-1,hso4,-0.6640615241592517,0.002779929897941545,0.9998154410824326
148,im-1,ntf2,-0.7134049950898775,0.0032973938779835847,0.9994855494672938
150,"im-1cch,1",ntf2,-0.73702573180618,0.003485771010699246,0.9971096495608492
152,"im-1ch,1",ntf2,-0.9459265481705332,0.0037812635115400217,0.9991151175043139
153,"im-1cn,1",ntf2,-0.9552366196665618,0.003803216728403228,0.9997702157578596
154,"im-1conh4,2",ntf2,-0.9909857881257458,0.0037732578218570637,0.9998612673716094
155,"im-1coo2,1",ntf2,-1.0233484012342706,0.004249094697785056,0.9929060445189271
156,"im-1coo2,1",scn,-0.8739618189967638,0.003222343513208268,0.9876998384917204
162,"im-1dmsotms,1",ntf2,-0.8630229765194654,0.0038051671843539274,0.9991199547396531
163,"im-1dmsph,1",ntf2,-1.0363277906038215,0.004119870582547988,0.9998860122458552
164,"im-1o1,1,1",ntf2,-0.9666144366336151,0.0041169644050068725,0.9989869544635669
165,"im-1o1,1,2",ntf2,-0.9864477101248708,0.004150921404235592,0.9993931010404988
168,"im-1o1,1",ntf2,-0.87532813961998,0.003983381148600339,0.9995517257941618
169,"im-1o1,2,2",ntf2,-1.003134975134951,0.004245798147584688,0.9997503019685261
170,"im-1o1,2",ntf2,-0.8969231755158968,0.004108765587177194,0.9996171679125049
171,"im-1o1,3,1",ntf2,-1.0667026175011305,0.004418018320871926,0.9998365237537382
172,"im-1o1,3,2",ntf2,-1.0563914784630473,0.004447510536048505,0.999726196000217
173,"im-1o1,3",ntf2,-0.9502781648516906,0.004210566520336554,0.9994895970492622
174,"im-1o1,4,1",ntf2,-1.0426214672526044,0.004331250057946191,0.9999433053973483
175,"im-1o1,4,2",ntf2,-1.0004231976402882,0.00417320270772479,0.9996120545770288
176,"im-1o1,4",ntf2,-0.9551348104015666,0.0042082215281490105,0.9996767342652568
177,"im-1o2,1",ntf2,-0.8981028727405745,0.0040805530455724735,0.9991449353899998
178,"im-1o2,2",ntf2,-0.8707740920892647,0.0040659200374379475,0.9988671408933838
179,"im-1o2,3",ntf2,-0.9741153322335729,0.004307949621138552,0.9996024368192565
180,"im-1o2,4",ntf2,-0.9411253612479176,0.004173750623048552,0.9990225536531354
192,"im-1ph,1",alcl4,-0.5923006043083348,0.002875057695702636,0.9920655839469957
193,"im-1ph,1",cl,-1.1861085214093132,0.004230215805540931,0.998455581138466
194,"im-1ph,1",dca,-0.9095848699902936,0.003938064383955298,0.9362955164540123
195,"im-1ph,1",ntf2,-0.9898226981302607,0.004113892644916967,0.9571647579218729
197,"im-1ph,1",so4-1,-0.9215354006447141,0.0033664364090504285,0.9992697298535755
202,"im-1tms,1",ntf2,-0.9356689907963229,0.004036589721885022,0.9992895572122285
205,"im-2(6[f]),1",ntf2,-0.863136189061095,0.0032837333292404193,0.9986781427422395
210,"im-2,1,1",al(ohfip)4,-0.8306362357167413,0.0038037703944281366,0.999811930322034
212,"im-2,1,1",hso4,-1.3754153526464425,0.0053073614846690775,0.9882571900184369
213,"im-2,1,1",ntf2,-0.5984272719438158,0.0028751337401989267,0.7757127422114574
214,"im-2,1,1","ph-coo[1],oh[2]",-0.8495471514808479,0.0033605605071753268,0.9985242526813256
215,"im-2,1,1o2",ntf2,-0.9133229002930219,0.004088318755140499,0.9992523836223609
216,"im-2,1,1o3",ntf2,-0.9965914015310903,0.0043215506656452095,0.999578050966676
221,"im-2,1D",fap,-0.7397424298037548,0.0034537900254251463,0.9992057935586856
222,"im-2,1D",so4-1D,-0.7514225393795274,0.0034382867025168685,0.9992126694167195
223,"im-2,1D",tcb,-0.7441899482262414,0.003894578184169451,0.9967535461809037
227,"im-2,1",ac,-0.926966266001631,0.0039062143035781425,0.9912023542715754
228,"im-2,1",al(ohfip)4,-0.7908976090731503,0.003748217185022912,0.9994947374186507
229,"im-2,1",al2cl7,-0.5069667823265707,0.0032224523186055944,0.9987114003066548
230,"im-2,1",ala,-1.010247143832043,0.004065609860538584,0.9656964411064911
231,"im-2,1",alcl4,-0.5176709047422087,0.0031403653515878938,0.9932430624221081
238,"im-2,1",bf2cn2,-0.44061294008967217,0.0031712279998664526,0.9970704599902688
239,"im-2,1",bf2ox,-1.0046382460177392,0.004251867506742399,0.9995713115892333
251,"im-2,1",bf3cn,-0.4603209976543787,0.00310180584049678,0.9985850714581108
252,"im-2,1",bf4,-0.6127233842631671,0.0031863821938099097,0.9082052295734384
255,"im-2,1",bfcn3,-0.5704156485261574,0.003553230159707315,0.9978206072615539
257,"im-2,1",ccn3,-0.7191812714546618,0.003930547361831593,0.9503173940351172
258,"im-2,1",cl,-1.2812992007366428,0.004435242573394251,0.9997340819103269
259,"im-2,1",conco4,-0.8532049945003517,0.0036897950894576696,0.9993897321351565
260,"im-2,1",coscn4,-1.0064572696655238,0.004126497029785796,0.9996323689793672
261,"im-2,1",dca,-0.4673723623530934,0.0030236742803392298,0.76157250701769
262,"im-2,1",fap,-0.7026432154135039,0.0033495539160803777,0.9964083523240882
265,"im-2,1",fsa,-0.5474471692374828,0.0032196895471353405,0.9662167101623589
268,"im-2,1",gly,-0.9934089106633979,0.004183080644858066,0.7681491969284362
269,"im-2,1",hso4,-0.655660124729284,0.0025647743332425825,0.9995382152053647
271,"im-2,1",imidazolide,-1.650897758948314,0.0063159606986172906,0.9975206293282632
275,"im-2,1",npf2,-0.7968118823897653,0.0035689796386270886,0.9989385526172155
277,"im-2,1",ntf2,-0.6615164784963351,0.0034043449359867396,0.9899876598621324
278,"im-2,1",otf,-0.6742116669714531,0.0033510262961778704,0.9926502081983772
279,"im-2,1",pf6,-1.0351538835239822,0.004133491734328888,0.9983700941343171
280,"im-2,1","ph-coo[1],oh[2]",-0.9640889419120032,0.0038037255964915714,0.9996262259814674
281,"im-2,1",phen,-0.9572027447350224,0.0041042203678194325,0.9967236538101368
282,"im-2,1","po2-1,o1",-0.8518632254140233,0.003673267533374119,0.9991746166962203
283,"im-2,1","po2-o1,o1",-0.8916453913312096,0.003615410809710904,0.9998906931236935
284,"im-2,1","po2-o2,o2",-0.8508443093198534,0.003417084504193564,0.9958871605252881
285,"im-2,1",pro,-0.999612428797451,0.0038235384817299676,0.8785977264746428
287,"im-2,1",scn,-0.6612080239670167,0.0035055081035524362,0.9889595412902074
288,"im-2,1",ser,-1.0165969014803629,0.003848655973812581,0.7472872554517374
289,"im-2,1",so3-1,-1.0137924711531958,0.00414901085112619,0.9808083278274908
291,"im-2,1",so3-4[f],-0.8492938015113168,0.0035783014803786577,0.9998836136751688
293,"im-2,1",so4-1,-0.7482485972091182,0.0034320612556519095,0.9779524306005271
294,"im-2,1",so4-2,-0.7907913097381025,0.0035045535714049265,0.9968374505036293
295,"im-2,1",so4-4,-0.8216145640620046,0.0034648055736120034,0.9996747744349324
296,"im-2,1",so4-6,-0.8135387154407706,0.00333290011630037,0.9997113439106385
297,"im-2,1",so4-8,-0.7727402481463721,0.003102173073371079,0.9977305726574418
299,"im-2,1",tau,-0.9245639410378814,0.0036177791841989497,0.999929148034025
304,"im-2,1",tcb,-0.7927788153246459,0.0040683477617021345,0.9847855200608409
307,"im-2,1",tfa-3[f],-0.8788835887455426,0.0037754815633329894,0.9998040376472822
308,"im-2,1",tfa,-0.7246337222224826,0.0036182713299372895,0.9940548842712609
309,"im-2,1",tfes,-0.7673595390967283,0.003442938716365086,0.9993860252944577
310,"im-2,1",tfesi,-1.1100549180578145,0.0048044094278515215,0.9997355510873317
315,"im-2,1o2,1",ntf2,-0.9342532031258293,0.004086203723500387,0.9998862009596531
318,"im-2,2,1o2",ntf2,-0.9367341571412466,0.004185337512550949,0.999436633392072
319,"im-2,2,1o3",ntf2,-0.9363482339906749,0.0041271987396462265,0.9995446586100089
320,"im-2,2",ntf2,-0.6597344952671521,0.0034160772864930476,0.9976697542595928
325,"im-2D,1D",fap,-0.7488772924982634,0.003474723371289745,0.9992530102331418
326,"im-2D,1D",so4-1D,-0.7470415666521364,0.0034081827827211193,0.9992612625327936
327,"im-2D,1",fap,-0.7459444403667544,0.003471777432382969,0.9984544237251334
328,im-2,ac,-0.7272291065564797,0.004514096198364886,0.9967728406901062
332,im-2,ntf2,-0.7528070987021513,0.0035205908592281796,0.9978921972365931
333,im-2,otf,-0.7273275659050663,0.003445718260577455,0.9909091630777577
335,im-2,so3-1,-0.9490442447835583,0.0037768656199207596,0.9993517184135668
337,"im-2cl,1",dca,-0.867705285682136,0.0037179371599157535,0.9976097762027476
338,"im-2cn,10",behss,-0.6356270856478589,0.002248026806659721,0.9806593976399482
339,"im-2cn,10",br,-0.6071235284052107,0.0021013550010014676,0.9939631979655967
340,"im-2cn,10",sba,-0.7616982298418405,0.0026949033418527026,0.9753113986299434
341,"im-2cn,10",so4-12,-0.6816646103956179,0.0024159616257941824,0.984868688704451
343,"im-2cn,1ph",cl,-0.738662268507731,0.0023757436580146723,0.992919131673922
344,"im-2cn,2o2",dca,-0.939633669560573,0.003809425931374494,0.9998736317497842
345,"im-2cn,2o2",ntf2,-0.9312849510354813,0.003745652726701045,0.9997684452283456
346,"im-2cn,2o2",tfa,-0.9541622683111808,0.00355789286740695,0.9991165797956517
347,"im-2cn,2oh",cl,-0.6295166878636488,0.0021783045546084987,0.992170600683484
348,"im-2cn,4",behss,-0.9029785057359753,0.003201467763142528,0.9706552258179318
349,"im-2cn,4",br,-0.6565514472569745,0.002358974233712616,0.9950446918064765
350,"im-2cn,4",bs,-1.1759815007591776,0.004219575963202272,0.9807443781726741
351,"im-2cn,4",cl,-0.8784076156023667,0.0031764762492725446,0.7135604883578215
352,"im-2cn,4",otf,-1.287934180918168,0.004762163258317353,0.9886861070488858
353,"im-2cn,4",so4-12,-0.9727993339524305,0.0034681984068076297,0.9801558916136814
354,"im-2cn,6",behss,-0.7906364519615887,0.0027883741594633455,0.9817847114107401
355,"im-2cn,6",br,-0.6546233269251692,0.002332103266443408,0.998214446732479
356,"im-2cn,6",bs,-0.9618470949524762,0.003474115303237263,0.9846795212662965
357,"im-2cn,6",cl,-0.7207177374515585,0.002483460596547499,0.984687879039982
358,"im-2cn,6",otf,-1.198396662503233,0.004365350304774791,0.9835637495305235
359,"im-2cn,6",sba,-0.9408800873327491,0.003319658982900753,0.9552526889253307
360,"im-2cn,6",so4-12,-0.8894677348187777,0.0031356621344438376,0.9837428196760387
361,"im-2cn,8",br,-0.6556002522067321,0.0022764201302776987,0.9919948810066415
362,"im-2cn,8",cl,-0.6023311980253269,0.0020721231214146534,0.9907981903902603
363,"im-2cn,a",cl,-0.8373261364910004,0.0029619380141192634,0.9952645666333778
364,im-2cn,1ac,-1.2139972482326895,0.005034424137737892,0.9997798031155046
365,im-2cn,2ac,-1.0644167594717098,0.004447780582113507,0.9993994077807585
366,im-2cn,4ac,-1.060517926217122,0.004396529887201662,0.9977735869021419
367,im-2cn,ac,-1.2392736592896614,0.005084717456426079,0.9987954944895076
368,im-2cn,for,-1.1799486170521842,0.0048873879345148275,0.998186790098622
369,im-2cn,hso4,-0.7125703091786286,0.002645645891141595,0.9988557438525121
370,im-2cn,so3-ph1,-0.9025853650816154,0.003107253539467111,0.995261175069998
383,"im-2o1,1,1",ntf2,-0.9628183346484004,0.004131038341256166,0.9956026330612625
384,"im-2o1,1,1o2",ntf2,-0.9076440038084264,0.003979855612147911,0.9993548884369741
385,"im-2o1,1,1o3",ntf2,-1.0236142285238163,0.004357771748702104,0.9995759635503714
386,"im-2o1,1,2",ntf2,-0.9777249790985754,0.004166770576449298,0.9940286433149108
389,"im-2o1,1",bf4,-0.6698496660275373,0.0029497952745817725,0.9589194672484058
390,"im-2o1,1",ntf2,-0.8765043866191251,0.004030839506307604,0.9950640633268528
392,"im-2o1,1",pf6,-0.9455247890204556,0.0038537694235353617,0.9997753840960543
394,"im-2o1,1",so3-1,-0.9665480478641119,0.0037897968416769692,0.998671344175143
395,"im-2o1,1o1,1",ntf2,-1.0003880746263685,0.004145557084941651,0.9997201250527635
396,"im-2o1,1o1,2",ntf2,-1.0357862500629462,0.0043196192526110955,0.9995754407308101
397,"im-2o1,1o1",ntf2,-0.9780235971969488,0.00430171779925846,0.9990770510031064
398,"im-2o1,1o2",ntf2,-0.993789827838955,0.004375607919106311,0.9985271296510354
400,"im-2o1,2,1o2",ntf2,-1.0057107552195443,0.004362607341399144,0.9991843458424514
401,"im-2o1,2,1o3",ntf2,-1.0332170243181842,0.004417383149595875,0.9996568392590548
402,"im-2o1,2,2",ntf2,-0.9677126944152795,0.004167039234526861,0.9980608527881467
403,"im-2o1,2",ntf2,-0.8456879212142014,0.00399486193125178,0.9988568303802797
404,"im-2o1,2o1,2",ntf2,-1.0156201117456036,0.004292717679905341,0.9989727787461576
405,"im-2o1,2o1",ntf2,-0.9182190023384929,0.004151598335632944,0.9987410785418432
406,"im-2o1,3,1",ntf2,-1.0191799727179185,0.004304234239099999,0.9989364181373785
407,"im-2o1,3,2",ntf2,-1.0703521989669769,0.004440913230442894,0.9994716211402174
408,"im-2o1,3",ntf2,-0.895588016569722,0.004077394588165426,0.9989014322359533
409,"im-2o1,4,1",ntf2,-1.0703751346586328,0.0044453580652649835,0.9994403529506636
410,"im-2o1,4,2",ntf2,-1.0357640069191798,0.004326499299279212,0.9998346145082491
411,"im-2o1,4",ntf2,-0.9548379887082883,0.004248635952788413,0.9988554202473732
414,"im-2o2,1,1",ntf2,-0.883253489294961,0.003940145054562673,0.9988931287247242
415,"im-2o2,1,1o2",ntf2,-0.9892492452801641,0.004296571149512914,0.9987840846074564
416,"im-2o2,1,1o3",ntf2,-1.0552911046016693,0.0044735395208778655,0.9999746090087674
418,"im-2o2,1",cl,-0.8325946511276434,0.0031830289234840163,0.9985100339997282
419,"im-2o2,1",ntf2,-0.8764549144756312,0.004100666908536743,0.999676939411028
420,"im-2o2,1o1,1",ntf2,-0.964389954705376,0.004162871159462307,0.9994298170874396
421,"im-2o2,1o1,2",ntf2,-1.0286575685556634,0.004324271323966584,0.9994931518593098
422,"im-2o2,1o1",ntf2,-0.9875042874695928,0.0043465572620592155,0.9994499649950523
423,"im-2o2,1o2",ntf2,-1.0007163287423875,0.004414349668413271,0.9994473162814154
425,"im-2o2,2,1o2",ntf2,-1.0093624303155109,0.004398572541065356,0.999156858328415
426,"im-2o2,2,1o3",ntf2,-0.9947894650440606,0.004296534688303886,0.9996308592396238
428,"im-2o2,2",ntf2,-0.8274447178605829,0.003983880404807348,0.9987694132406089
429,"im-2o2,2o1,1",ntf2,-0.9666408728501612,0.004142650025059868,0.9923204049343818
430,"im-2o2,2o1,2",ntf2,-0.9942883830350782,0.004235462191220203,0.9992813397572513
431,"im-2o2,2o1",ntf2,-0.9411148615998999,0.004237124904050683,0.9987404870817201
434,"im-2o2,2o2",ntf2,-0.8826403106969928,0.004072473614050137,0.9991879854230005
437,"im-2o2,3",ntf2,-0.9701632298932694,0.004339721099404899,0.99972500916567
440,"im-2o2,4",ntf2,-0.9567119767955319,0.004257114021467977,0.9996076381668655
443,"im-2o2oh,1",cl,-0.8040110285921162,0.0030233501466158694,0.9969778883464713
444,"im-2oh,1",bf4,-0.866029714998337,0.00363596403448454,0.5166076041298252
445,"im-2oh,1",dca,-0.9378126094325587,0.004085337659859425,0.9788973891495969
446,"im-2oh,1",fap,-0.9970827294400305,0.004032302470277999,0.9992621219035127
447,"im-2oh,1",imidazolide,-0.8436555507365815,0.002977762789857193,0.990749481345506
448,"im-2oh,1",ntf2,-0.8734955065922941,0.003814178269834562,0.9865350789724726
449,"im-2oh,1",pf6,-0.9685677538865227,0.004069026220553596,0.9989617195097032
451,"im-2ph,1",alcl4,-1.0770698223111612,0.0042515778419516745,0.996850354062738
453,"im-2v,1,1",pyrazolide-no2[4],-1.0567229951513484,0.004044428940560121,0.9995740366021652
454,"im-3,1,1",bf4,-0.8721628838402818,0.003496224079308495,0.9984504326715395
455,"im-3,1,1",ctf3,-0.844359610236029,0.003310220909687423,0.9994122573929709
456,"im-3,1,1",hso4,-1.1311954026701445,0.004421776094351159,0.9904000254798241
457,"im-3,1,1",ntf2,-0.6128119504024044,0.0028493112223759135,0.7934340720116093
458,"im-3,1,1",pyrazolide-no2[4],-1.0867731942637706,0.004119677664269508,0.999135007000038
459,"im-3,1,1o2",ntf2,-1.0048914805820395,0.0043060347655847295,0.9998852494426973
460,"im-3,1,1o3",ntf2,-0.9698363894898538,0.004166286560177077,0.9994724365615391
463,"im-3,1",alcl4,-0.6327873332810877,0.0035183493914158802,0.9973393457259093
468,"im-3,1",bf4,-0.9008960425910001,0.00393526782826184,0.9873973328604008
469,"im-3,1",h2po4,-1.086578090555828,0.0046167268829486584,0.9967415521680885
470,"im-3,1",hco3,-1.313939466975576,0.0054955326782041205,0.998896868567048
471,"im-3,1",i,-0.8459835919382855,0.0032666962740897035,0.9934450235061607
474,"im-3,1",ntf2,-0.8246814018205079,0.0038468696657041183,0.9657948839730385
475,"im-3,1",pf6,-0.8550481219554689,0.003519105064896807,0.9998592401774735
476,"im-3,1",scn,-0.6970572633398207,0.003504698004932193,0.9977166282696704
477,"im-3,2,1o2",ntf2,-1.004151284135814,0.00434768516438618,0.9996162423001183
478,"im-3,2,1o3",ntf2,-0.9938182119666064,0.004258533979832213,0.9998320886542624
479,"im-3,2",ntf2,-0.7612531136648285,0.003656243145195902,0.9987283916533833
480,"im-3,3",ntf2,-0.8100573122631056,0.003729603488114278,0.9984918029055816
485,"im-3cn,1",bf4,-0.7819467061036011,0.003241303717109653,0.9284924820763663
486,"im-3cn,1",dca,-0.8775520194744754,0.003683642990422281,0.9954192556605811
487,"im-3cn,1",ntf2,-0.8670789829078142,0.0035704156885090635,0.9966891735127495
496,"im-3i,1",ntf2,-0.7659081135223467,0.003613908984096692,0.9987850992673125
499,"im-3nh2,1",imidazolide,-1.315051255059956,0.00516435020787597,0.9997402070506991
500,"im-3o1,1",bf4,-0.6698496660275373,0.0029497952745817725,0.9589194672484058
501,"im-3o1,1",pf6,-0.9455247890204556,0.0038537694235353617,0.9997753840960543
506,"im-3oh,1",cl,-0.8166940685149532,0.0030602084106065744,0.9948846781542198
507,"im-3oh,2",cl,-0.7859772230995522,0.003003655891335539,0.997655279727622
513,"im-3so3h,1[2]",camphorsulfonate,-0.8630046807491745,0.003602563290808751,0.994408841439469
514,"im-3so3h,1",camphorsulfonate,-0.8870631660426564,0.003696086775901582,0.997720457739936
515,"im-3so3h,2[2]",camphorsulfonate,-1.0311520964899945,0.004113606270302195,0.9994799546085693
516,"im-3so3h,2",camphorsulfonate,-0.9587460238654805,0.003866844309016196,0.9999009914359778
517,"im-3so3h,4",camphorsulfonate,-0.9291997245122826,0.0036506342687590183,0.9995306305552789
518,"im-3so3h,ph[2]",camphorsulfonate,-0.927185698730199,0.003605536915130113,0.9986339183002966
519,im-3so3h,camphorsulfonate,-0.962362307763742,0.003949791237598673,0.9999608008019265
520,"im-4,1,1",al(ohfip)4,-0.8835407759780712,0.004051498976542916,0.9993957114308504
521,"im-4,1,1",bf4,-0.4596682666611248,0.0021363962886473903,0.7179861907279026
522,"im-4,1,1",dca,-0.8763983064732062,0.003926050305364045,0.9985901273987807
523,"im-4,1,1",fap,-0.9077617611871932,0.0037891176813981166,0.9993101336650411
525,"im-4,1,1",hso4,-0.8658741556778753,0.00347993187874764,0.9943738114353878
526,"im-4,1,1",ntf2,-0.668812714242821,0.003125146111725664,0.9787869786892499
527,"im-4,1,1",scn,-0.9842307827915387,0.003924827738380803,0.9982391177317446
530,"im-4,1,1",tcb,-0.7805482846714148,0.0037790185572964237,0.9998326043460306
531,"im-4,1,1o2",ntf2,-0.97917109418624,0.00421370645217864,0.999577378526238
532,"im-4,1,1o3",ntf2,-0.9981975230890575,0.004224498744116803,0.9998880667995284
533,"im-4,1",1ac,-0.9813139585895739,0.0038169798470040674,0.9999594300219921
534,"im-4,1",2ac,-0.9518239426591675,0.003699547028178387,0.999883259901382
535,"im-4,1",ac,-1.0111803061095652,0.003964432286659552,0.9826357305509146
536,"im-4,1",al(ohfip)4,-0.8485852075609841,0.003978018579591754,0.9997853705112024
537,"im-4,1",ala,-1.0332859617483627,0.004373880877576041,0.9996389404353881
538,"im-4,1",alcl4,-0.6042748277845235,0.0032711543382866197,0.9912771484634467
539,"im-4,1",behss,-0.5887522514793707,0.0022496627542291543,0.9995066448115631
540,"im-4,1",bf2ox,-1.0250567774384955,0.004234179186950364,0.9988083489720634
544,"im-4,1",bf3-ph-1[f][3],-0.9424835465857168,0.0039235848455931475,0.9996672119906014
545,"im-4,1",bf3-ph-1[f][4],-1.0179574703696568,0.004139680922794471,0.9998489862611173
546,"im-4,1",bf3-ph-cn[3],-1.0803463977676382,0.004231163523133465,0.9999459160791742
547,"im-4,1",bf3-ph-cn[4],-1.0794248685565508,0.004187804783123363,0.9999587532695037
548,"im-4,1",bf3-ph-f[2],-0.9351579650657351,0.0038604653396718956,0.9997686809207973
549,"im-4,1",bf3-ph-f[3],-0.9318505001695039,0.003978258373040636,0.9991499448840555
550,"im-4,1",bf3-ph-f[4],-0.9895723477645617,0.004112772204078482,0.999709884058463
551,"im-4,1",bf3-ph-o1[2],-1.067862987702309,0.0039213073985367684,0.9995499371996409
552,"im-4,1",bf3-ph-o1[3],-0.9693928118059207,0.0038842779395300477,0.9999660810593385
553,"im-4,1",bf3-ph-o1[4],-1.0201712926357025,0.003991307425997774,0.9999797841197793
554,"im-4,1",bf3-ph,-0.9109104478184707,0.0038656950757630284,0.9997990800686739
555,"im-4,1",bf4,-0.8896981491209286,0.003809557776189321,0.9826251543270959
557,"im-4,1",ccn3,-0.8584518955131419,0.0041170588616785036,0.9950613168185282
558,"im-4,1",cl,0.24572325559293876,0.0001080113307352489,0.0011552057525437975
559,"im-4,1",clo4,-0.7942511823956218,0.0033711804946067203,0.9993947428293855
560,"im-4,1",coscn4,-0.9672290899800958,0.0038426657099054355,0.9997748110803216
561,"im-4,1",ctf3,-0.8793489332266342,0.0035760752257828553,0.9998926641287633
562,"im-4,1",dca,-0.7569191884151196,0.0037525513155987713,0.9721064422661223
563,"im-4,1",fap,-0.7158383143769563,0.0033075750407631464,0.9943043007518302
565,"im-4,1",fecl4,-0.6835997595299877,0.0033950779320573335,0.9860649923992405
566,"im-4,1",for,-0.968950805393969,0.003949446208871212,0.999931852889494
568,"im-4,1",fsa,-0.7013324216447164,0.0035168765403730874,0.9978307104268526
569,"im-4,1",glu,-1.0586618319188796,0.004436743060473483,0.9964310051827335
570,"im-4,1",gly,0.349322415337041,-0.00030327197617843033,0.0034363802557051404
571,"im-4,1",glyc,-1.0988064627849778,0.0041374496106368905,0.9999714337437242
572,"im-4,1",h2po4,-0.8347674091522513,0.003586533408895696,0.9974922477757514
573,"im-4,1",hco3,-1.1693936476376834,0.004844432159139411,0.9954259413001032
574,"im-4,1",hfps,-0.800433116385862,0.0032720026175201305,0.9999712152728762
575,"im-4,1",hso4,-0.4749389299474249,0.002064034048450304,0.5762531517096999
576,"im-4,1",i,-0.9730499531546035,0.0037215521611141463,0.9965374335221764
577,"im-4,1",imidazolide,-1.0299066689753018,0.00402077024173069,0.9978182751136885
578,"im-4,1",la,-1.0264899759251354,0.003850802165420066,0.9999530780528098
579,"im-4,1",no3,-0.8978826241008309,0.0037593663416438756,0.9419825132977482
580,"im-4,1",npf2,-0.7062575537472935,0.003216345652228351,0.9821677551315362
581,"im-4,1",ntf2,-0.6414200367152085,0.003219439627946317,0.9626960720035889
582,"im-4,1",otf,-0.800434181362854,0.0035752150418093508,0.9860399623768102
583,"im-4,1",pf6,-0.7814008193957571,0.0032750544146607848,0.9765164617341731
584,"im-4,1",ph-coo,-1.0612593756842224,0.0038941414320326313,0.9999338876414998
585,"im-4,1",phen,-0.9634150940830396,0.004050554804774002,0.9991816949545462
587,"im-4,1","po2-o1,o1",-0.8883009429467666,0.0034721123430648104,0.9982376622684831
589,"im-4,1",po3h-1,-0.9901868533986969,0.004178043325311503,0.9988632604084263
591,"im-4,1",sbf6,-0.5149725393202136,0.002554569824971961,0.9988397818213769
592,"im-4,1",scn,-0.8598123787406632,0.0038938437155733602,0.9867983679502345
593,"im-4,1",so3-1,-1.27797639132958,0.005333447249501334,0.971976091138499
594,"im-4,1",so3-4[f],-0.899379961718497,0.003617233387781027,0.9983270025029005
596,"im-4,1",so4-1,-0.9148359291247115,0.0037775242726553722,0.9010194443128187
597,"im-4,1",so4-2,-0.8649476645869976,0.0035247232858283367,0.9872061249214147
599,"im-4,1",so4-4,-0.8118530087939841,0.0032946377997128064,0.999970320461651
601,"im-4,1",so4-8,-0.8089207692847262,0.0031802216573904446,0.9958655424499022
602,"im-4,1",tcb,-0.9620861725849583,0.00440775206941923,0.9960566451034163
603,"im-4,1",tdi,-1.0149677996756308,0.004386130496822523,0.9977111501604833
604,"im-4,1",tehss,-0.5556762892081578,0.002146696849013828,0.9995871127903247
606,"im-4,1",tfa,-0.9327102567428028,0.004058794962752585,0.9352345825701418
607,"im-4,1",tpes,-0.8070595483887009,0.003598519470785611,0.9990924322449606
608,"im-4,1",ttes,-0.9273243773408179,0.003743068803993403,0.9999250493555788
609,"im-4,2,1o2",ntf2,-1.0128901396683947,0.0043422962159240745,0.9996489997826922
610,"im-4,2,1o3",ntf2,-1.0248120480859604,0.004333572230468755,0.9999796158235285
611,"im-4,2",br,-2.126716739643647,0.008352934069642742,0.9974519101949798
619,"im-4,4",alcl4,-0.735093289881475,0.003578445314654076,0.9973374720317502
620,"im-4,4",ntf2,-0.83867917455688,0.0037572083139064813,0.9989045742609792
623,im-4,hso4,-0.67995814027528,0.002626779626578718,0.9991935382549344
624,im-4,no3,-1.0048393723828597,0.003948644440301078,0.9992816874338979
625,im-4,otf,-0.8402356863347187,0.0036131066753990362,0.9966443306425097
626,im-4,scn,-1.018253256804565,0.004097939144522776,0.9993397742396132
627,im-4,so3-1,-0.848923380263388,0.003343342866961055,0.9999400877466493
632,"im-4i,1",ntf2,-0.8774743738047631,0.0038478131306070628,0.9975429916650647
636,"im-4so3h,1",camphorsulfonate,-1.0975930191731451,0.004250214010146178,0.996658060761935
637,"im-4so3h,1",hso4,-0.5988038714157193,0.0021504121146168607,0.9940881692621496
638,"im-4so3h,1",otf,-0.7862033358094233,0.003001560565597439,0.9994742762759361
639,"im-5,1,1",hso4,-0.7008463508852909,0.0028820157808707426,0.9936330722819331
641,"im-5,1,1o2",ntf2,-1.0144083750338906,0.004282830247555342,0.9996162840759614
642,"im-5,1,1o3",ntf2,-1.0074215151594277,0.0041934747611080785,0.9999772067430638
645,"im-5,1",h2po4,-0.7651830988534764,0.003246371194315876,0.9966947485759201
646,"im-5,1",hco3,-1.0447582777386364,0.004325886232878835,0.9954215338462087
647,"im-5,1",nicl4,-2.022332534540463,0.007569100912122348,0.9995690898365771
650,"im-5,1",ntf2,-0.7906203647079528,0.0036383425661307453,0.9941484680624995
651,"im-5,1",pf6,-0.8425992909005607,0.003395782659870706,0.9986747402992836
652,"im-5,1",scn,-0.96079623573575,0.00408021408270671,0.9998462122219854
653,"im-5,2,1o2",ntf2,-1.0014674043170646,0.004284226166198559,0.9998597431664829
654,"im-5,2,1o3",ntf2,-1.0322831409955462,0.004332311866285352,0.9999667856253293
655,"im-5,4",ntf2,-0.8515782631567456,0.00377156388021487,0.9998640480049797
656,"im-5,5",ntf2,-0.850751420423933,0.003715845497351694,0.9994123595960067
658,"im-5i,1",ntf2,-0.8129498257778862,0.003666037698574313,0.9998206323630283
659,"im-5i,4",ntf2,-0.8893620512948144,0.0038469279771351454,0.9997264706429998
660,"im-6,1,1",ntf2,-0.861858932261039,0.003670416975474457,0.9995028368975101
661,"im-6,1,1",pyrazolide-no2[4],-1.0181525618027467,0.003835799888084199,0.9982604327333604
663,"im-6,1",ac,-0.8922717216855984,0.0033971609359500256,0.9978887125126399
664,"im-6,1",al(ohfip)4,-0.878631738509426,0.004018788958017954,0.9996120990845269
667,"im-6,1",alcl4,-0.6404220533105255,0.003147644583197981,0.9990052320649037
670,"im-6,1",bf4,-0.9242234496097068,0.003802968891242512,0.9428349403498779
671,"im-6,1",br,-0.7009351960760061,0.0026408139767058743,0.9869449510882213
672,"im-6,1",cl,-0.6511736233804205,0.0024229267298670294,0.8660611057822574
673,"im-6,1",dca,-0.8497415862439713,0.003899293802410376,0.9906074123408971
674,"im-6,1",fap,-0.8775992593150789,0.0038242740926442502,0.996044610975097
677,"im-6,1",fecl4,-0.7146740964702817,0.0034025606265196038,0.9502497065631248
679,"im-6,1",i,-0.8898420455837052,0.00335640845023794,0.999795738430924
682,"im-6,1",ntf2,-0.8109856723798704,0.0036592867461023035,0.9952024318581129
683,"im-6,1",otf,-0.8965009969119591,0.0037488245556169036,0.9996071535768676
684,"im-6,1",pf6,-0.8529850764093236,0.0033866189796126125,0.9678944067327464
685,"im-6,1",phen,-0.9892234962568052,0.004088118812272951,0.9989535132974481
687,"im-6,1",pyrazolide-no2[4],-1.0460900594020313,0.004066425063817666,0.9995807311215359
688,"im-6,1",pyrrolide-cn[2],-1.0759619106490133,0.004259476298855695,0.9998411796836068
689,"im-6,1",so3-4[f],-0.9047597408542026,0.003587231488590494,0.999805082199745
692,"im-6,1",tcb,-0.9930483272415529,0.00437962588481013,0.9937088801118177
693,"im-6,1",tetrazolide,-0.8818609308187665,0.003523303850775813,0.9996731106614877
694,"im-6,1",triazolide,-1.0502022740546066,0.004090473123796083,0.9996431164028542
695,"im-6,1",triazolide123,-0.9267715484661431,0.003661101725834283,0.9996278040634079
700,"im-6,6",ntf2,-0.8648255072465938,0.003719962226357518,0.9996462499640557
702,"im-6i,1",ntf2,-0.8036879757122488,0.0035822280126816424,0.999799004033767
703,"im-6oh,1",cl,-0.8501494659331433,0.003323414131381478,0.999592099706734
704,"im-6oh,2",cl,-0.8569394313493828,0.00331515952975281,0.9993957259736117
705,"im-6oh,4",cl,-0.7486983545155759,0.002935031847198506,0.9994434862282477
706,im-6oh,cl,-0.8213427973179758,0.0032963620455181675,0.9993475915814554
708,"im-7,1",nicl4,-1.963092208841953,0.007261946803254297,0.9998092910035514
709,"im-7,1",ntf2,-0.8279249201733193,0.00367757054984014,0.9987659190685029
710,"im-7,1",pf6,-0.8538238060372989,0.003360121160017182,0.9998157247284523
711,"im-7,7",ntf2,-0.8609244346563704,0.003660485721206216,0.9998889026110286
712,"im-7i,1",ntf2,-0.8355809318508575,0.0036528985286034417,0.999873467191062
716,"im-8,1",al(ohfip)4,-0.9833433842109521,0.004411025629179028,0.9999483674337158
717,"im-8,1",ala,-0.9820762058032593,0.003810101093336494,0.9993933292842673
718,"im-8,1",alcl4,-0.718626250136014,0.003311288684853388,0.9972732648016002
719,"im-8,1",asn,-0.950748342028214,0.003395268689408869,0.9964720673891874
720,"im-8,1",bf4,-0.7846573161162299,0.0032446092089730596,0.9414900678922866
721,"im-8,1",cl,-0.5838623344298038,0.002206267891164725,0.5635587440308908
724,"im-8,1",fecl4,-0.634454368344247,0.0029327578794269542,0.8403856852056374
725,"im-8,1",gly,-0.9735082699123518,0.003846593399135222,0.9993033652066662
726,"im-8,1",h2po4,-0.42971242033494983,0.0015474512290510356,0.9857616147082243
727,"im-8,1",h3p2o7,-0.7196977172793916,0.0026144212050713505,0.9707682766798255
728,"im-8,1",i,-0.833808110491449,0.0031571292610986586,0.9985748987432949
729,"im-8,1",nicl4,-1.8088703761022387,0.006763813016535132,0.99901618974039
731,"im-8,1",ntf2,-0.8606574117509661,0.0037560658311543427,0.9934853305150292
732,"im-8,1",otf,-0.7328113866585327,0.003163660393794109,0.9285046300762404
733,"im-8,1",pf6,-0.8006705253066833,0.003168362350225674,0.9990204581384753
734,"im-8,1",phen,-0.9509958510565005,0.00387484444557271,0.9966242457784247
736,"im-8,1",pro,-0.9795871969137512,0.0036665173937580615,0.9982726225628152
739,"im-8,1",ser,-0.9686434496205512,0.0035891327321028845,0.9978813325884006
740,"im-8,1",so3-4[f],-0.9042953913506496,0.0035531180761160454,0.9997369281903461
743,"im-8,1",tcb,-1.0598037157928202,0.004502193837303573,0.9993648420875114
744,"im-8,1",tfa-3[f],-0.9260193240034947,0.0037057953892571764,0.9997714981515277
745,"im-8,1",tfa,-0.908217819395398,0.00377994890657098,0.9999395699491376
750,"im-8,8",ntf2,-0.8587485086253143,0.0036157788275043654,0.9997155787174676
752,"im-8chch(E)8,1",ntf2,-0.7742660263092032,0.003213509082629832,0.9990899342143285
753,"im-8chch(Z)1chch(Z)5,1",ntf2,-0.7776272387894995,0.003256198121379168,0.9996748680730021
754,"im-8chch(Z)8,1",ntf2,-0.7383401136792724,0.0031010239963103,0.9991053902272691
759,"im-9,1",ntf2,-0.8431895721185626,0.003656422921683791,0.9996122007817685
760,"im-9,1",pf6,-0.8473989426898425,0.0032725502946089075,0.9994039185677108
761,"im-9,9",ntf2,-0.8548049672773499,0.003570457987847511,0.9998858859054476
764,"im-[2o]21,1",bf4,-0.9412652160542669,0.0037876818808920505,0.9998181143700476
765,"im-[2o]21,1",cl,-0.9173004433497902,0.0036295044572994452,0.9993149060444881
766,"im-[2o]21,1",pf6,-0.9487407164595811,0.0037902203169897443,0.9999955604585281
768,"im-[2o]21,1",so3-1,-0.9998313878778721,0.003913513865931534,0.9948532993283542
770,"im-[2o]31,1",so3-1,-0.9977733178981307,0.003936531586216469,0.9938324852091064
775,"im-a,1",al(ohfip)4,-0.7535415788490227,0.0036571360758529316,0.9974642953237872
778,"im-a,1",cl,-0.9942849314899328,0.0037031236604465317,0.9874966937506147
779,"im-a,1",dca,-0.7998554041164008,0.004017408790198042,0.8705979130535403
780,"im-a,1",ntf2,-0.6986898923386972,0.0035248037477863393,0.9932529635453565
793,"im-chc(ch3)2,1",bf4,-1.008046874910054,0.004184951227780473,0.9990732972647651
795,"im-cp,4",ntf2,-0.8227063066112855,0.003647917645440524,0.9995888529956589
820,mo-1,bf4,-0.8563385679854942,0.0034217974752621975,0.9998694331239893
821,mo-1,for,-0.6809057782619897,0.003830080844183634,0.9967782190701249
822,"mo-2,1",dca,-0.7598484535239115,0.003269531132456474,0.9987383725612193
823,"mo-2,1",po3h-2,-1.1012399877097676,0.004421296484421335,0.9880860791966145
824,"mo-2,1",so4-2,-0.7017922019284503,0.00258430038408944,0.9555448840484012
825,mo-2,bf4,-0.8061212439000048,0.0032941161547298753,0.9991136698669802
826,mo-2,for,-0.8168118233811451,0.00411256309997265,0.9978207867592996
831,"mo-2o1,1",fap,-1.0109188872587516,0.0038527006040215864,0.9998570109929288
832,"mo-2o1,1",ntf2,-0.9615911128046034,0.0038303700344207475,0.9995559911581483
833,"mo-2o2,1",ntf2,-0.9830638056184766,0.003959743392642897,0.9999895955985629
834,"mo-3,1",dca,-0.8476936895461081,0.0034221887740006505,0.996930204728676
835,"mo-3oh,1",ntf2,-0.9706445564109895,0.003636854580782772,0.9979456569461221
836,"mo-4,1",al(ohfip)4,-1.1340061735965548,0.00466790361762998,0.9992193277114684
839,"mo-4,1",ccn3,-0.9663775059028175,0.0039082856865257,0.9986290807763655
840,"mo-4,1",dca,-0.8833165283047993,0.0035299794224285448,0.9990580104400771
842,"mo-4,1",po3h-4,-1.186759876848532,0.004641973269466415,0.9770394898814772
843,"mo-4,1",so4-4,-0.7077016621966302,0.00259378949031966,0.9996392011689758
844,"mo-5,1",dca,-0.9186431936536612,0.0035989857549928134,0.9999405406023992
845,"mo-6,1",dca,-0.9096013714102901,0.0035647565493841893,0.9999656659971157
846,"mo-6,1",fsa,-0.8008801026552264,0.0032523280264022667,0.9995977377760615
847,"mo-6,1",ntf2,-0.9284898661573805,0.0036305222521413557,0.9998427952545664
848,"mo-6,1",po3h-6,-1.244677774398081,0.004797321054493074,0.9851771225479994
849,"mo-7,1",dca,-0.920489452361559,0.003572706680672219,0.9997420271007237
850,"mo-8,1",dca,-0.9132757747759979,0.003531795262288811,0.9996420086505156
851,"mo-8,1",po3h-8,-1.1388252752990844,0.004807904411921626,0.9782364185064524
852,"mo-9,1",dca,-0.9359904692432116,0.003594749891185361,0.9994801182907342
853,"mo-a,1",ntf2,-0.8864334501312777,0.0035622083840352835,0.9976793976185014
854,"mo-a,2",ntf2,-0.8373099763430292,0.003376996636644928,0.9974530051027625
855,mo,for,-0.9306071103111514,0.004043726356884936,0.9994776896117509
862,"n-1,1,1,1",oh,0.37587366410834266,0.0012088690621493102,0.9929577673109256
863,"n-1,1,1",h2po4,-0.6019968060363284,0.0020739142519479556,0.9998869448355738
865,"n-1,1",hso4,-0.6316755171888631,0.002805240178856469,0.9869142730814509
866,"n-10,10,1,1","herbicide-2,4-DP",-0.9084257219158778,0.0034379889008844754,0.9991260059529478
867,"n-10,2,2,2",ntf2,-0.9127186720559692,0.0036789479257290972,0.9992658234344407
868,"n-10,3i,1,1",ntf2,-0.8672222457882535,0.003640189213519551,0.999878360831825
869,"n-12,1,1,1","herbicide-2,4-DP",-0.8637998194920617,0.0031444418128530804,0.9967474527314724
870,"n-12,2,2,2",ntf2,-0.9114714203454181,0.0036446100978223786,0.9954889647665172
871,"n-14,1,1,1","herbicide-2,4-DP",-0.8092286531326872,0.002833684317886133,0.9829372989932763
872,"n-14,2,2,2",ntf2,-0.8947674971324151,0.003547820109036893,0.9978041735594679
873,"n-18,1,1,1","herbicide-2,4-DP",-0.8350818853799419,0.0030358703872190493,0.9959362041967292
883,"n-1coo2,2,1,1",so4-2,-0.8043329090189316,0.003040587566786517,0.9942086014263856
884,"n-1coo2,2,2,2",ntf2,-1.1152219294897439,0.004387344031849253,0.9999569312310663
889,"n-1coo2,4,4,4",dca,-0.9641750143766914,0.0035442589383000724,0.9985381866069483
890,"n-1coo2,4,4,4",ntf2,-1.059129214409188,0.003958387739197895,0.9991186057280352
896,"n-1cooh,1,1,1",ntf2,-0.7487780808471193,0.0028773659535219747,0.9991860181700388
914,"n-2,1,1",ac-ph,-1.0556053938754213,0.004318154958554861,0.9994729806208063
915,"n-2,1,1",ac,-0.9167136391516828,0.004598107581134198,0.9978779330903127
916,"n-2,1,1",for,-0.574006613512746,0.003672159680312582,0.9993082523326222
917,"n-2,2,1",otf,-0.7172003853091358,0.003573781697258383,0.9856516476973383
918,"n-2,2,1",so3-1,-0.9134148453349612,0.003967256283725508,0.9996498334923567
919,"n-2,2,2,1",so4-1,-0.8724225320717784,0.0034764873439356537,0.9997008070430479
924,"n-2,2,2,2",oh,0.052165111679715874,0.0019018558690571043,0.9909910969368894
929,"n-2,2,2",ac,-0.9009469659695605,0.0043193761067547186,0.9766608025487741
931,"n-2,2,2",h2po4,-0.4132615857250278,0.0023465249733941704,0.9954632676698651
932,"n-2,2,2",hso4,-0.7680455663002496,0.003240482189560295,0.9359092447288139
934,"n-2,2,2",otf,-0.7572873737438393,0.003549072063380694,0.9895500084778247
936,"n-2,2,2",so3-1,-0.8722576838059755,0.0037452808325552666,0.9975652509327935
941,"n-2,2",ac,-0.9115518257901281,0.004508948267748015,0.9985008656714672
943,"n-2,2",hso4,-0.9670473944518528,0.004443209995059315,0.8470996518021442
947,n-2,for,-1.3434509383559259,0.005954696640884934,0.8753724252600945
949,n-2,hso4,-0.6185518268047974,0.0026597735766108925,0.9833614966703661
951,n-2,no3,-0.4748046329986363,0.0027879842779976708,0.9795822859411837
952,"n-2coo1,1,1,1",ntf2,-0.6935841574913627,0.0030510825516173244,0.9550208536434037
953,"n-2coo1,2,1,1",ntf2,-0.9067564965849241,0.0037205535433162385,0.9997266042198861
955,"n-2dma,1,1",ac,-1.2644856346000832,0.005503343521483225,0.9986060271926178
979,"n-2o1,2,1,1",fap,-0.8552406524816304,0.003651814286389497,0.9996096554910765
980,"n-2o1,2,1,1",ntf2,-0.785159864151944,0.0036049484454177077,0.9985691244281424
987,"n-2o1,2,2,1",ntf2,-0.8157269923481192,0.0036753555056135527,0.9987448444025087
988,"n-2o1,2,2,1",tfesi,-1.044594790620932,0.004176395750344544,0.9993579044921413
999,"n-2o2,2,2,2",ntf2,-0.9481232098279527,0.0041211803234936905,0.9974417900650607
1000,"n-2o2,2o1,1,1",ac,-1.1105524758917937,0.004133294100221669,0.995847505885354
1001,"n-2o2,2o1,1,1",bf4,-0.9176094305139777,0.0037059499017991185,0.9996775492610042
1002,"n-2o2,2o1,1,1",ntf2,-0.7890505578466008,0.0037022709642713938,0.9977483389685678
1005,"n-2o2,4,4,4",ntf2,-1.0670521047661063,0.004172929764784789,0.9999267135756493
1006,"n-2o2,5,5,5",ntf2,-0.9797859577233914,0.0038790277616140563,0.9996287959939469
1011,"n-2o2oh,[2o]22oh,13,1",so4-1,-0.6368711221980801,0.002453131041748998,0.9957411658875172
1012,"n-2o2oh,[2o]22oh,13,1",so4-[2o]21,-0.7274464110200304,0.0028577083530709653,0.9997281244339222
1016,"n-2oh,1,1,1",1ac,-0.9828482794192943,0.003731067796096841,0.6019369983983982
1017,"n-2oh,1,1,1",2ac,-0.8198804190624767,0.003231143576864145,0.9986301020029608
1018,"n-2oh,1,1,1",4ac,-0.7666121238493422,0.003034123649332665,0.9982808460902544
1020,"n-2oh,1,1,1",ala,-2.511261581203767,0.008900835139930672,0.9946294882569789
1021,"n-2oh,1,1,1",bala,-1.1216147209118308,0.003980297241207586,0.9893170059569237
1022,"n-2oh,1,1,1",bes,-0.4984692225702491,0.0018351951987256657,0.9948831424604585
1023,"n-2oh,1,1,1",biot,-1.1715055917592818,0.004358194007644824,0.9851417449435967
1024,"n-2oh,1,1,1",capso,-0.41808836668933774,0.001386257832090237,0.9980904012475363
1026,"n-2oh,1,1,1",gly,-2.5080117027896147,0.009037821847333158,0.9959272519686301
1027,"n-2oh,1,1,1",im44,-0.7553387908229225,0.002818786439702173,0.9991465565768234
1028,"n-2oh,1,1,1",la,-0.838410130965697,0.0031392010091972657,0.9906358028366531
1029,"n-2oh,1,1,1",mal,-0.6339596808644946,0.0023536298880820323,0.9970460121612631
1030,"n-2oh,1,1,1",mopso,-0.5301912764058603,0.0018371327196006287,0.9945942002624208
1031,"n-2oh,1,1,1",ntf2,-0.7543587469332419,0.003329664263614664,0.9783018640236776
1032,"n-2oh,1,1,1",pro,-1.534789074047621,0.005279523256737134,0.9806368637758092
1034,"n-2oh,1,1,1",ser,-1.0470275071105217,0.0036752855256879545,0.9915148341994384
1035,"n-2oh,1,1,1",so4-1,-0.7543477437712425,0.0029567769265291624,0.9973943020547605
1036,"n-2oh,1,1,1",vitaminC,-1.4294375623040132,0.00517296326517407,0.9891708466901129
1037,"n-2oh,1",1ac,-1.0414726289663743,0.004164166257552217,0.9966218049910941
1038,"n-2oh,1",2ac,-0.9838388520970756,0.003908780578760564,0.9962961767817861
1039,"n-2oh,1",2aci,-0.9512980115945191,0.003917798878825827,0.9977463651261922
1040,"n-2oh,1",3ac,-0.9367634652527717,0.003797256695586851,0.9972096442683022
1041,"n-2oh,1",ac,-1.2442812590234795,0.005001339007197203,0.9968630392968079
1042,"n-2oh,1",for,-1.2666030775788462,0.005596373726701711,0.9990576304546344
1046,"n-2oh,2,2",otf,-0.8435618547579294,0.0035297964703007237,0.9998728755208373
1047,"n-2oh,2,2",tfa,-0.7461646020779411,0.0032912786390494574,0.9985341270156806
1049,"n-2oh,2oh,1",ac,-1.073632981240393,0.004279441633833597,0.9995203970887172
1050,"n-2oh,2oh,1",la,-1.0704773083063526,0.004243212302471849,0.9953525834496223
1052,"n-2oh,2oh,2oh",3ac,-0.9639148139468486,0.0037568951834065427,0.9981861836509117
1053,"n-2oh,2oh,2oh",ac,-0.8487591781081306,0.003277154509610529,0.8858819940895071
1054,"n-2oh,2oh,2oh",for,-1.0491551682033693,0.0038459663686507104,0.9982699136848266
1056,"n-2oh,2oh,2oh",mal,-0.9624390668181686,0.0033685679002148894,0.9960008967027837
1057,"n-2oh,2oh",1ac,-1.0060990734487678,0.0039038281503977067,0.9987161303339729
1058,"n-2oh,2oh",3ac,-0.7888522064677085,0.0031003427384125514,0.9969634047172794
1059,"n-2oh,2oh",ac,-0.8332750461907955,0.003255017752177189,0.6227173627241296
1061,"n-2oh,2oh",la,-1.0717746912111408,0.004201493159933894,0.9995865058983257
1062,"n-2oh,2oh",mal,-0.9438182777423241,0.0033495150799235963,0.99962621356189
1066,"n-2oh,3,1,1",ntf2,-0.7900483194136653,0.003455010758182904,0.9944638843837825
1067,"n-2oh,3i,1,1",ntf2,-0.807710543757955,0.003386924300122679,0.999746031756314
1068,"n-2oh,8,1,1",ntf2,-0.9127929401734182,0.003709603801232378,0.9990146266275827
1069,"n-2oh,8i,1,1",ntf2,-0.9348514136407107,0.003729363929622073,0.9993993456322834
1070,"n-2oh,ph",1ac,-1.4821043584392175,0.006308312203894022,0.998828445010945
1071,"n-2oh,ph",2ac,-1.52061926381213,0.0064001889928504245,0.99905882924761
1072,"n-2oh,ph",3ac,-1.5605348075198102,0.006413483662689005,0.9994699626681296
1073,"n-2oh,ph",4ac,-1.6104677343852145,0.00653249296656584,0.9990769855361771
1074,n-2oh,3ac,-0.6823838889054026,0.00268341077082063,0.9971467824936602
1075,n-2oh,ac,-0.8435491702911054,0.0033729777477992215,0.5742004477276383
1076,n-2oh,for,-0.851543188687758,0.003648856827892936,0.7027985557079944
1078,n-2oh,la,-1.331784369481102,0.005005179871756115,0.9393513923100475
1079,n-2oh,mal,-0.6879103332754343,0.0024372629188121006,0.9696873238172133
1080,n-2oh,no3,-0.82786780120157,0.0035648383588663245,0.9987640309908876
1088,"n-3,1,1,1",ntf2,-0.6635587072121267,0.003174033411673494,0.9933496070991032
1090,"n-3,2,1,1",al(ohfip)4,-0.8442714763248739,0.0038079492730317037,0.9995460150093847
1092,"n-3,2,1,1",ntf2,-0.8964708396662271,0.0039070556886192835,0.9712631729875283
1094,"n-3,2,2,1",tfesi,-1.0463607288968801,0.004147680091585105,0.9985508657190372
1096,"n-3,3,3,3",oh,0.32123051149919085,0.000869069464369226,0.9547400315077874
1097,"n-3,3,3,3",so4-4,-0.8874224856650097,0.0031899611517254814,0.9996342920850119
1099,"n-3,3i,1,1",ntf2,-0.8497486077715223,0.0036643107942984973,0.9999815931165708
1100,n-3,ac,-0.9368719025149475,0.0036249320067972637,0.9993576069831906
1101,n-3,for,-0.4466142613426636,0.0025017281910417535,0.5175808831066733
1102,n-3,no3,-0.6855841566570516,0.0032250698888716834,0.9976169426746233
1103,"n-3cooh,1,1,1",ntf2,-0.5640471468153838,0.002377622113301947,0.9741618784740501
1111,n-3o1,ac,-1.1540044541878163,0.004326235379191572,0.9947869509287377
1112,"n-3oh[2](cl),1,1,1",ntf2,-0.38010460604819096,0.001938857382260056,0.9760442533916881
1114,n-3oh,ac,-0.7157264074891803,0.0026955092002341726,0.9924150630759615
1115,n-3oh,for,-0.656926879980736,0.0028319828902004323,0.9255891463477266
1117,n-3oh,tfa,-0.8266200451856114,0.003195130979753687,0.9990004685165715
1119,"n-3so3h,4i",hso4,-0.5610420765641821,0.001998501323607993,0.9988112999097749
1120,"n-4,1,1,1",ntf2,-0.8291955456483424,0.003615662331577671,0.9952694993657785
1127,"n-4,2,2,1",ntf2,-0.8554839102647713,0.003663463208812455,0.9998173319642154
1128,"n-4,2,2,1",tfesi,-1.021969199495109,0.004056547294841863,0.9988369409839737
1129,"n-4,2,2,2",ac,-1.2009176622367201,0.004507542417312093,0.8939208180683949
1132,"n-4,3i,1,1",ntf2,-0.8907651874961164,0.0037575053174251907,0.999938127006422
1133,"n-4,4,4,1",al(ohfip)4,-1.0322784113071455,0.004445146421210607,0.9998389128964295
1135,"n-4,4,4,1",ntf2,-1.030521484769888,0.003965541516159085,0.9905491015756518
1136,"n-4,4,4,4",al(ohfip)4,-1.0299476958231022,0.004281986167800464,0.9986628865976536
1138,"n-4,4,4,4",behss,-0.2867802454495215,0.0012696455987815348,0.2586107030971445
1139,"n-4,4,4,4",bes,-0.607483802514483,0.002122883892323662,0.9968853027947701
1140,"n-4,4,4,4",bf2ox,-0.7883359487938933,0.003366141809864229,0.9975711438498434
1141,"n-4,4,4,4",capso,-0.6696504810510444,0.0022924426542758323,0.9934156736187477
1144,"n-4,4,4,4",mopso,-0.680020829795745,0.0023345848877276815,0.9940517628924391
1145,"n-4,4,4,4",oh,0.2799801738142129,0.0009583425345945599,0.9870041040139487
1147,"n-4,4,4,4",so3-4[f],-0.8064922957226993,0.0028762864530100167,0.9914778243322275
1148,"n-4,4,4,4",so3-8[f],-0.9216449668452957,0.003315684617549483,0.9941937537908849
1155,n-4,ac,-0.7668250629467285,0.00307868898731054,0.9997682988544347
1157,n-4,hso4,-0.6354588142715769,0.0024695762670573452,0.9946530821263603
1158,n-4,no3,-0.674446154289461,0.0031966847133335346,0.6566397188399282
1163,"n-4so3h,4i",hso4,-0.5853126654213062,0.0021332830597311065,0.9965538938111151
1164,"n-5,2,1,1",ntf2,-0.8804557947226684,0.0037374049346265282,0.9997739340690183
1165,"n-5,2,2,2",al(ohfip)4,-1.075235052356239,0.004543680345555983,0.9999591540296274
1167,"n-5,2,2,2",ntf2,-0.9325048776829996,0.003858696632856669,0.9976996555035071
1174,"n-6,1,1,1",ntf2,-0.5425306349791567,0.0022795475760152353,0.4369467032995836
1176,"n-6,2,2,2",ntf2,-0.921522809599305,0.003841370616733578,0.5871167824440938
1177,"n-6,3i,1,1",ntf2,-0.8458680371580427,0.003590206775854511,0.9999588701917618
1178,"n-6,4,4,4",ntf2,-0.9192428119156507,0.00357841826132018,0.9985656821051764
1179,"n-6,6,6,2",al(ohfip)4,-1.0842237999845818,0.004562466219926082,0.9999526746655616
1180,"n-6,6,6,2",ntf2,-1.2381107217527645,0.004786814320998071,0.9987460245285094
1182,"n-6,6,6,6",ntf2,-2.4230083273404963,0.008676108669530832,0.0769230769038074
1185,"n-7,2,1,1",ntf2,-0.8679197441215086,0.003636839551277428,0.9998496736552711
1186,"n-7,2,2,2",ntf2,-0.7905008318831321,0.0033958050890115386,0.9425684288517248
1192,"n-8,1,1,1",ntf2,-0.7258263902531235,0.0031326865252176207,0.9965003424546891
1194,"n-8,2,2,2",fsa,-0.7829025391049093,0.0033182757131963053,0.9969537029604588
1195,"n-8,2,2,2",ntf2,-0.9212143814142386,0.0037542943299411218,0.996652562143877
1198,"n-8,8,8,1",al(ohfip)4,-1.039532079134583,0.004337451526518741,0.9998059689394253
1200,"n-8,8,8,1",ntf2,-0.7997582781398606,0.0031750106473527376,0.983197982831931
1204,"n-8,8,8,1",tfa,-0.8793758562125854,0.003308759106798248,0.998286343780244
1207,"n-8,8,8",8ac-6[2],-1.0033703927364563,0.004534668665637401,0.9987466021987772
1208,"n-8,8,8",ac-2ph,-0.9914415157971236,0.0045498234189937925,0.9977273857602711
1209,"n-8,8,8",naphthoate2,-1.2145989825721644,0.004800581465531654,0.9999461540105624
1210,"n-8,8,8","ph-coo[1],4t[4]",-1.1699525988144914,0.0047380959497337624,0.9998237817695907
1212,"n-[2o]21,2,1,1",ntf2,-0.8256913994113857,0.003748769449651054,0.9984458872502353
1213,"n-[2o]21,[2o]21,[2o]21,2",ntf2,-0.91262582994364,0.003988754456222376,0.9993377715230635
1215,"n-a,a",ac,-1.2183439333199908,0.004988411801890028,0.9997933581880476
1216,"n-a,a",for,-0.9349768815278057,0.005691081681527364,0.9987456612287937
1217,"n-a,a",mal,-1.0439123338746097,0.0039055324680041877,0.999083045553739
1282,"p-10,2,2,2",pyrazolide-no2[4],-0.8790890503038016,0.003543842804269329,0.9997600281742652
1283,"p-10,4,4,4",cl,-0.87416759766279,0.0031908832476598356,0.9943156680274536
1285,"p-10,8,8,8",cl,-0.7458092450479361,0.002842162286051399,0.9978677563152798
1287,"p-12,2,2,2",pyrrolide-cn[2],-0.8867918866674448,0.0035845404885289857,0.9997080717149829
1289,"p-12,4,4,4",cl,-0.903628031134913,0.0033414326405596926,0.9990305313404834
1291,"p-12,4,4,4",pyrrolide-cn[2],-0.8551391635199334,0.0034257224573396817,0.9996462200955236
1292,"p-12,4,4,4","so3-ph-coo1[3],coo1[5]",-0.6730727370965507,0.002413755534359389,0.9959475714014693
1293,"p-12,4,4,4",triazolide123,-0.8544977051515246,0.0033970077449995677,0.9994939098253142
1295,"p-12,8,8,8",cl,-0.7408219159473546,0.0028323451704399486,0.9970283742756594
1296,"p-14,4,4,4",bmb,-0.8724539837472697,0.0031647294404841654,0.9997766723666989
1297,"p-14,4,4,4",bscb,-0.938129459491954,0.0036059015819645893,0.9877300717812346
1298,"p-14,4,4,4",dbs,-0.7509514772922286,0.002763078570824883,0.9923360310296466
1299,"p-14,4,4,4","po2-o8i,o8i",-1.019888316509306,0.003768897392586127,0.9703849265365126
1300,"p-14,6,6,6",8ac,-0.7324592296074568,0.0029900869956345924,0.9994998945024605
1301,"p-14,6,6,6",ac-nh1,-0.7974560827400672,0.0032211048821787318,0.9982075546525278
1302,"p-14,6,6,6",ac,-0.7730004022416115,0.003149849050089641,0.9995129928525538
1304,"p-14,6,6,6",ala,-0.7262273622638153,0.0029749264853876235,0.998830397888921
1305,"p-14,6,6,6",behss,-0.7426741754301719,0.002871479286139966,0.9965853766357755
1306,"p-14,6,6,6",benzimidazolide-br[6],-0.7093906520195138,0.002772953517522138,0.9973030470075979
1307,"p-14,6,6,6",benzimidazolide-s1[2],-0.7096287159925473,0.0027928534899265296,0.9992150178199005
1308,"p-14,6,6,6",benzimidazolide,-0.7346252193430339,0.002860947535534587,0.9990707619771503
1309,"p-14,6,6,6",bf4,-0.6920485022673688,0.0027812579211352923,0.9996312373031502
1310,"p-14,6,6,6",bmb,-0.8191100529574162,0.0030274492470230285,0.9998921889310917
1311,"p-14,6,6,6",bmlb,-0.8535153701859539,0.0033226298409590503,0.999859967472859
1312,"p-14,6,6,6",bob,-0.6001956863496242,0.0023892489411213723,0.9709042576198569
1313,"p-14,6,6,6",br,-0.6146022823588928,0.0024181153057234186,0.9394351833705884
1314,"p-14,6,6,6",bscb,-0.7972956043765015,0.0031063032819210277,0.9998632865747207
1315,"p-14,6,6,6",cl,-0.9854203867333302,0.0036595645278817007,0.6723079449872131
1316,"p-14,6,6,6",cocl4,-0.07501762627452956,0.000374926323927055,0.8038704207328008
1319,"p-14,6,6,6",dca,-0.7092317297162917,0.0029746268820816735,0.9069404429489958
1320,"p-14,6,6,6",fap,-0.7962959321304005,0.0032522415529877276,0.9987549569689944
1321,"p-14,6,6,6",fecl4,-0.6635692830462449,0.0026370664600845286,0.9830749241778669
1323,"p-14,6,6,6",gdcl6,-0.4622234220809435,0.001723356610484603,0.9973905694195796
1324,"p-14,6,6,6",gly,-0.7528363698688157,0.0031004371710447124,0.9985951378640386
1325,"p-14,6,6,6",hfps,-0.8968891992591739,0.0036821192242035643,0.9999095388698893
1326,"p-14,6,6,6",ile,-0.7297605758560222,0.0029952494352191834,0.9987891113994204
1327,"p-14,6,6,6","imidazolide-1[2],no2[5]",-0.687280513451201,0.0027212390035677735,0.998546454237075
1328,"p-14,6,6,6","imidazolide-cl[4],cl[5]",-0.7252441946869053,0.0028918814559865716,0.9987763795530298
1329,"p-14,6,6,6","imidazolide-cn[4],cn[5]",-0.7532908529675011,0.003041032755510911,0.9994344924581573
1330,"p-14,6,6,6",imidazolide-no2[4],-0.7026906569828278,0.0028261677441771623,0.9991546472084919
1331,"p-14,6,6,6",indazolide,-0.8278146038229892,0.0033337988898528314,0.9987266165796307
1332,"p-14,6,6,6",leu,-0.7120528134010405,0.0028943207789639052,0.9981751469565403
1333,"p-14,6,6,6",mncl4,-0.3348046646670362,0.0012360926832562067,0.988696369826536
1336,"p-14,6,6,6",ntf2,-0.8104394635855005,0.0033258389158152494,0.9603113733391768
1337,"p-14,6,6,6",ox,-0.8226734382352577,0.0031721948832998227,0.9984838617796234
1355,"p-14,6,6,6","po2-8i,8i",-0.6744841803221907,0.0026548109994881143,0.9862192510162782
1356,"p-14,6,6,6","po2-o8i,o8i",-0.5810960288954898,0.0023659737974617463,0.9936104219218165
1357,"p-14,6,6,6",pyrazolide-cf3[3],-0.7336153769066486,0.0030094316623071227,0.9984754295583395
1358,"p-14,6,6,6",pyrazolide-no2[4],-0.7398422432858505,0.0029552994495550514,0.9993148995175853
1360,"p-14,6,6,6",so3-1,-0.7606548467851532,0.0029425864005931564,0.9956605158189648
1361,"p-14,6,6,6",tetrazolide,-0.7230520776240457,0.002922721994665964,0.9992352786555435
1362,"p-14,6,6,6",tpes,-0.9384273803012816,0.003758645564839153,0.9992901318552041
1363,"p-14,6,6,6",triazolide,-0.7040359154954359,0.002789325989534519,0.9995659101573058
1364,"p-14,6,6,6",triazolide123,-0.764356937301178,0.0031090678333614693,0.9995547601396212
1365,"p-14,6,6,6",val,-0.7040886268434828,0.002871571747243595,0.9994565013206967
1366,"p-14,8,8,8",behss,-0.7105001531332705,0.0027555871380177182,0.9984511005322889
1367,"p-14,8,8,8",cl,-0.7588202609455542,0.002960934822943214,0.998429745530786
1369,"p-18,4,4,4",pyrrolide-cn[2],-0.8243213162961056,0.003281217071987208,0.9996025464881283
1370,"p-18,4,4,4",triazolide123,-0.7907663611966574,0.0032005710901900587,0.9998406114430567
1371,"p-1o1,1,1,1",fsa,-0.6349754509898995,0.00350776477148895,0.9982408843730523
1372,"p-1o1,1,1,1",ntf2,-0.8474355418383227,0.00393835182442264,0.9991926903315195
1375,"p-1o1,4,4,4",triazolide123,-0.9935855632468802,0.003984886824656522,0.9998623059933631
1377,"p-1o2o1,2,2,2","imidazolide-1[2],no2[5]",-0.9326454396640754,0.003889069964784475,0.9999315768582336
1378,"p-1o2o1,2,2,2",pyrazolide-no2[4],-0.9500314963452886,0.004059858653105463,0.9999437423476453
1379,"p-1o2o1,2,2,2",triazolide123,-0.9115391666780339,0.003955972073878141,0.9999258661469214
1381,"p-1pha[4],8,8,8",bf4,-0.6287306268374844,0.002336752119605051,0.9998439207935985
1382,"p-1pha[4],8,8,8",no2,-0.6091638988489301,0.002242446639452805,0.9689400761173101
1383,"p-1pha[4],8,8,8",ntf2,-0.5572306246878826,0.0023170768485988227,0.9913369242707497
1385,"p-2,2,2,2",pyrrolide-cn[2],-0.868510799320395,0.0037071879647013277,0.9976646495645586
1387,"p-2o1,2,2,2",ntf2,-0.7545230491333191,0.003594817550530714,0.9987732695099953
1388,"p-2oh,4,4,4",ntf2,-0.9179770667871453,0.0037120426198747696,0.9997488410841588
1391,"p-2v,2,2,2",pyrazolide-no2[4],-0.9019477539308154,0.0037989783032778973,0.9991613097182743
1392,"p-3,1,1,1",fsa,-0.6616630818527975,0.003432300994646177,0.9989893987174392
1394,"p-3nh2,4,4,4",ala,-0.8562739479578418,0.003322400847808978,0.9989832575289489
1395,"p-3nh2,4,4,4",arg,-0.8301841396964009,0.0030560479650264213,0.9990716838454715
1396,"p-3nh2,4,4,4",asn,-0.7615241390821931,0.002646367318725333,0.9984427411204496
1397,"p-3nh2,4,4,4",asp,-0.6797723375248136,0.0024023502732442355,0.9997011380729747
1399,"p-3nh2,4,4,4",gln,-0.8818531093997988,0.0030166376348168935,0.9995707927815779
1400,"p-3nh2,4,4,4",glu,-0.6781420217732897,0.0024116916149356372,0.9996835479049779
1401,"p-3nh2,4,4,4",gly,-0.8358956124832024,0.003267808883657943,0.9998656385150783
1402,"p-3nh2,4,4,4",ile,-0.8571414989477468,0.003248443892119753,0.9992325548609065
1403,"p-3nh2,4,4,4",leu,-0.8758697493323542,0.0033281589672210688,0.9990185191917836
1404,"p-3nh2,4,4,4",lys,-0.8117401686516511,0.0030940665274022273,0.9990948764068771
1405,"p-3nh2,4,4,4",met,-0.8384745606616679,0.0032615779003378007,0.9985044845611466
1406,"p-3nh2,4,4,4",phe,-0.8539524026894347,0.0031957755982326866,0.9980724064197438
1407,"p-3nh2,4,4,4",pro,-0.8605020463206409,0.003232884046292805,0.9988955138006064
1408,"p-3nh2,4,4,4",ser,-0.8602808091697486,0.00326525080746428,0.9993874139337392
1409,"p-3nh2,4,4,4",thr,-0.8514477844789754,0.0032021484478450485,0.9989424748313157
1411,"p-3nh2,4,4,4",val,-0.8868253662918082,0.0033964221843010255,0.9971294641469659
1412,"p-3oh(oh[2]),8,8,8",bf4,-0.4959080971252389,0.0019937092107551583,0.9879772212614019
1413,"p-3oh(oh[2]),8,8,8",cl,-0.5587097866813705,0.002147016194084457,0.9744295914494255
1414,"p-3oh(oh[2]),8,8,8",no2,-0.4624555524254133,0.0018872610228061976,0.9753960104559687
1415,"p-3oh(oh[2]),8,8,8",ntf2,-0.688285920314015,0.0027239644734041784,0.999923104481669
1416,"p-3oh(oh[2]),8,8,8",pf6,-0.5373202876365624,0.00198228418626259,0.9978660078130085
1418,"p-4,2,2,2","imidazolide-1[2],no2[5]",-0.9058512770411074,0.003603433368995836,0.9995380251887618
1420,"p-4,2,2,2",pyrazolide-no2[4],-0.9136732661119409,0.0037601044568334697,0.9999241766953454
1421,"p-4,2,2,2",pyrrolide-cn[2],-0.8916539132269632,0.003758266383822854,0.9990114452170414
1422,"p-4,4,4,1",cl,-0.8185311020832392,0.002958081621888809,0.991169846947827
1424,"p-4,4,4,1",ntf2,-0.9297868216801694,0.0037961679887919954,0.999141960615583
1425,"p-4,4,4,1","po2-8i,8i",-0.9478509620397494,0.003500397467743662,0.9997966776861785
1426,"p-4,4,4,1","po2-o1,o1",-0.9590559226386732,0.003745744453462826,0.9999331216885432
1427,"p-4,4,4,1",so4-1,-0.8025225026482926,0.0031247912418932615,0.8631520255722799
1428,"p-4,4,4,1",so4-12,-0.7690828875293325,0.002931269810784969,0.9944549633006906
1429,"p-4,4,4,2","po2-o2,o2",-0.9765545661648349,0.0038738926862618606,0.9916870179149568
1430,"p-4,4,4,4",1ac,-1.19483520249804,0.004640482825879213,0.998531714214461
1431,"p-4,4,4,4",2ac,-1.875410016719389,0.007337629568414017,0.9981876964483843
1432,"p-4,4,4,4",ac,-1.0373849136601219,0.004103283723387278,0.9987426595476251
1435,"p-4,4,4,4",bes,-0.6976048913185159,0.0025285936472370612,0.9911513723999197
1436,"p-4,4,4,4",capso,-0.7112413388350344,0.0025924742163768544,0.9932392987636096
1437,"p-4,4,4,4",for,-1.1527623146074424,0.004385132928042378,0.9991728311959206
1440,"p-4,4,4,4",mopso,-0.7256124715280936,0.002662884497814758,0.9944619419758369
1441,"p-4,4,4,4",phen-f[2],-0.7774227425363973,0.00359753051433303,0.991842186775803
1442,"p-4,4,4,4",phen-f[3],-0.8708852378322074,0.0038857969090099562,0.9950737748160272
1443,"p-4,4,4,4",phen-f[4],-0.8229913621084174,0.0036835578356335954,0.9953023780518233
1444,"p-4,4,4,4",phen,-1.1749329640513493,0.0045650346734125,0.9999504930254363
1445,"p-4,4,4,4","po2-8i,8i",-0.8055841460353563,0.003148667030943596,0.9980864144602075
1446,"p-4,4,4,4","po2-o8i,o8i",-0.7453433152343585,0.002953051641251614,0.999681793685712
1447,"p-4,4,4,4",pro,-0.9521432195001124,0.003600655884780917,0.9991558229430414
1448,"p-4,4,4,4","ps2-o2,o2",-0.9098294002821986,0.003437666785928665,0.9982042637325046
1452,"p-4,4,4",bf4,-0.7699971082806358,0.0033395001630467415,0.9917745566039893
1454,"p-4i,4i,4i,1",so3-ph1,-0.8457117630295395,0.0031452919277154437,0.9833072170155076
1456,"p-5,2,2,2",fsa,-0.6983328426005498,0.003289460565118913,0.9995115246853445
1457,"p-5,2,2,2",ntf2,-0.8560446822994667,0.0037600873492296357,0.9993363580605013
1461,"p-6,4,4,4",cl,-0.9579685595124734,0.003397087715861598,0.9950940312516076
1462,"p-6,4,4,4",ntf2,-0.8263019836689867,0.003334923780071199,0.998705328147787
1466,"p-6,6,6,4i",bmb,-1.1554810987836706,0.004402143448897788,0.9997118168328482
1467,"p-6,6,6,4i",bob,-1.0763973535945348,0.003993890858367793,0.9999516646107424
1468,"p-6,6,6,4i",br,-1.0374370039484013,0.0037264825582052183,0.9993544242061636
1469,"p-6,6,6,4i",bscb,-1.1190585555644816,0.004013014194621414,0.9998550596125285
1471,"p-7,2,2,2",pyrazolide-no2[4],-0.8958940781406952,0.003668885219527488,0.9998884951888068
1473,"p-8,1,1,1","po2-8i,8i",-0.7914851293991922,0.0031055815372318866,0.9999884270687679
1475,"p-8,2,2,2","imidazolide-1[2],no2[5]",-0.8388286737143948,0.0033039005298618885,0.9976032512330291
1476,"p-8,2,2,2",imidazolide-no2[4],-0.8399377611666045,0.003440935011901341,0.9998668973452363
1477,"p-8,2,2,2",ntf2,-0.8387281350771163,0.0036188921905268147,0.9889302195029513
1478,"p-8,2,2,2",pyrazolide-no2[4],-0.8961251382422657,0.0036566884678431865,0.9999112300067925
1479,"p-8,2,2,2",pyrrolide-cn[2],-0.9559907964110814,0.0039000427592524958,0.9989495718338866
1481,"p-8,4,4,4",bmb,-0.9908781588988934,0.003679113686099177,0.999855706960606
1482,"p-8,4,4,4",bscb,-0.9875714791231113,0.003746397346903019,0.9996420643787933
1483,"p-8,4,4,4",cl,-0.8446363242341557,0.0030843377852337018,0.9926557002640339
1488,"p-8,4,4,4","po2-o8i,o8i",-0.7155855220382029,0.002877443083382624,0.9998155618538473
1493,"p-8,8,8,1",ntf2,-0.8375190155024057,0.003415501976932743,0.99947935472425
1494,"p-8,8,8,3",cl,-0.8213229834739564,0.003050823788455672,0.9979156329662441
1495,"p-8,8,8,4",cl,-0.766509443876734,0.002881326324455125,0.9963350332474805
1496,"p-8,8,8,5",cl,-0.7990090099029361,0.003017587195719029,0.9961540633348857
1497,"p-8,8,8,6",cl,-0.746970003269215,0.0028301797451018764,0.9966411082384885
1498,"p-8,8,8,7",cl,-0.7769703714188471,0.002957533694460991,0.9968838244217341
1499,"p-8,8,8,8",br,-0.7718506351489894,0.002952963425594346,0.9995958673186902
1500,"p-8,8,8,8",cl,-0.7639959545513163,0.002912470574810449,0.997340534935195
1501,"p-8,8,8,8",ntf2,-0.7929557652092376,0.00319043824384456,0.9995586241996108
1503,"p-8,8,8,8",tb,-0.5617750717457699,0.00210623373362923,0.9982976682905457
1504,"p-9,2,2,2",pyrazolide-no2[4],-0.8641480264892727,0.0035126062070831043,0.999847239471699
1505,"p-9,8,8,8",cl,-0.7843021079281932,0.0029905077842267034,0.9974375723971827
1506,"p-a,1,1,1",ntf2,-0.8796961492960956,0.003937564471751811,0.9994083309609423
1507,"p-a,1,1,1",tfa,-0.6551339896510527,0.0034522105436464406,0.9991923999381187
1509,pip-1,bf4,-0.7392295261295506,0.003191161605507519,0.9991316203028551
1515,"pip-1coo1,2",ntf2,-0.9867113928597092,0.003893797053990239,0.9999820630405019
1517,"pip-1o1,2",ntf2,-0.9331341603193134,0.004027838763206451,0.9995190837677767
1518,"pip-2,1",po3h-2,-1.1401006313638826,0.004686108335868772,0.9886300024374745
1519,"pip-2,1",so4-2,-0.8075484647207006,0.0030772216550360213,0.9919004321867215
1520,"pip-2o1,1,1[3]",ntf2,-1.0096716525274738,0.004155715855489045,0.9998817009560215
1521,"pip-2o1,1,1[3]",otf,-1.021168138539609,0.0038939346267038355,0.999548420123119
1522,"pip-2o1,1,1[3]",tfa,-1.1086792345359429,0.0042431095967210885,0.9996329622893032
1528,"pip-2o1,1",fap,-0.9009259380313613,0.0037167027747878607,0.9997742828077207
1529,"pip-2o1,1",ntf2,-0.8045575010544769,0.0035497150558621536,0.9887225311876433
1530,"pip-2o1,1",otf,-0.8959680476336969,0.003553333808842125,0.9998670900484902
1531,"pip-2o1,1",tfa,-0.9921191433830316,0.003934434399542625,0.9998814241403937
1532,"pip-2o1,2",ntf2,-0.9673584594861229,0.004071376090199961,0.9997089184604536
1533,"pip-2o1,2o1",ntf2,-1.0496983465463388,0.004337662972559856,0.9912608772273683
1534,"pip-2o1,2o2",ntf2,-1.0186442357180128,0.004230132340001336,0.9995324361188429
1535,"pip-2oh,1",ntf2,-0.539352891850297,0.0026529087303749795,0.9954246176526645
1536,"pip-2oh,2",ntf2,-0.7727956412242887,0.0033139302129396486,0.9999339002850564
1541,"pip-3,1",ntf2,-0.7552008827446752,0.003312279065862901,0.9930742530323342
1542,"pip-3,1",tfesi,-0.9939220926358459,0.003885543219581097,0.9997523288572971
1545,"pip-3cn,1",scn,-0.9133900643288576,0.0033257280041470148,0.9992901404773276
1546,"pip-3oh,1",ntf2,-0.6826245166766123,0.00299414617611992,0.9896198173719528
1547,"pip-3oh,1",scn,-0.9927068100310856,0.003670268851037421,0.9982387240689725
1548,"pip-3oh,2",ntf2,-0.8857690335225078,0.003587104631895399,0.9990468519843015
1549,"pip-4,1,1[3]",ntf2,-0.7326007973891459,0.0030661583807555463,0.9966576648636039
1551,"pip-4,1",dca,-0.8330751137696303,0.0036058688915224664,0.995284486050383
1552,"pip-4,1",ntf2,-0.9005546671873024,0.0037570355916405032,0.9277478554705911
1553,"pip-4,1",otf,-0.9465136439618459,0.003580377390882985,0.9999868036023285
1554,"pip-4,1",po3h-4,-2.21368000598029,0.008225997040794604,0.9707830398930433
1555,"pip-4,1",scn,-0.9192682278401253,0.00347790922109004,0.9998814464926988
1556,"pip-4,1",tcb,-0.8745941307879099,0.0038209155586095343,0.9987069932602539
1557,"pip-4,2",ntf2,-0.9640323774709175,0.003930136440951856,0.9998260166039442
1558,"pip-4i,1",ntf2,-0.7401188058560604,0.003444007313146206,0.9989327252109642
1561,"pip-6,1,1[3]",ntf2,-0.9622841606895622,0.0037769519919162507,0.9995832774307416
1563,"pip-6,1",po3h-6,-1.8439301152739587,0.0068497066114584304,0.9753129936952087
1566,"pip-8,1",po3h-8,-1.1551505304212837,0.005002514070636873,0.9900235986361476
1567,"pip-[2o]21,1,1[3]",ntf2,-0.9017633725596043,0.003813023671588495,0.9993934919184023
1568,"pip-[2o]21,1,1[3]",otf,-0.9567139554380548,0.0037551515790598296,0.9999156191111812
1569,"pip-[2o]21,1,1[3]",tfa,-1.035891424366992,0.004059917110467063,0.9999285293967696
1570,"pip-[2o]21,1",ntf2,-0.8974715354662228,0.003960049081884991,0.9373562795780168
1571,"pip-[2o]21,[2o]21",ntf2,-0.8859451440644249,0.003750902952547518,0.9967670821592078
1572,"pip-a,1",ntf2,-0.7378644691159248,0.0032912827367076775,0.9977541773831463
1574,pip,ntf2,-0.9541588409664079,0.0038500215042371715,0.9997698121918653
1576,pipz-2,1ac,-1.3086037207835841,0.005032319400472286,0.9996820260639365
1581,py(D)-2D,fap,-0.7832285933084141,0.0034806652325638787,0.999299439812267
1582,"py-1,1[3]",so4-1,-0.8716962565088374,0.00371099482958997,0.9997011142587313
1583,"py-1,2[2]",so4-1,-0.9230667598123936,0.00362981889071265,0.9999356963588755
1584,"py-10,py[4]",ntf2,-1.0247030475047287,0.004227318206385333,0.9933863819973426
1585,py-10,fecl4,-0.35205422510171624,0.0016481903407932258,0.9943355409693116
1586,py-10,ntf2,-0.8517749863169911,0.0036017863423657374,0.9923950919132469
1588,py-12,ntf2,-0.8671996291537653,0.0035942393246362046,0.9999601439655823
1590,py-1[4],hso4,-0.7898502542525703,0.0030706606889515783,0.9996756896788167
1591,py-1,so4-1,-0.7609500478019109,0.0033943583620996065,0.9569367665659814
1592,py-1ch,ntf2,-0.957983022497334,0.0037906100809851325,0.9989943142771119
1596,py-1coo2,ntf2,-1.0538368137908514,0.004054293605193623,0.9999135901352385
1606,"py-1ph,1[2]",ntf2,-1.1211983899492288,0.004475127176627685,0.9997206978449618
1607,"py-1ph,1[3]",ntf2,-1.1538355945532839,0.004619983602148557,0.9963753068528258
1608,"py-1ph,1[4]",ntf2,-1.1298459631534201,0.004568609379633424,0.9997921127764229
1609,py-1ph,ntf2,-0.7548418607197958,0.0034123656203698667,0.9086760662360156
1610,"py-2,1[2]",ntf2,-0.7865612800197623,0.003555885272694326,0.9993988025278139
1611,"py-2,1[3]",ntf2,-0.7519733668615465,0.003643260298426855,0.9979337736566906
1612,"py-2,1[3]",so3-4[f],-0.7553387908229225,0.002818786439702173,0.9991465565768234
1613,"py-2,1[3]",so4-2,-0.8302586332783161,0.003538561618147671,0.9873191554899671
1614,"py-2,1[3]",tfa-3[f],-0.9149357347156581,0.003823690259515651,0.9996706316557803
1615,"py-2,1[4]",ntf2,-0.703303009578461,0.003546026893859701,0.9980539157367908
1616,"py-2,1[4]",so3-4[f],-0.9019019880647233,0.0037093470693081517,0.999902126088174
1617,"py-2,1[f][3]",ntf2,-0.9592063612164761,0.003928905601724057,0.9982629639672553
1618,"py-2,1[f][4]",ntf2,-0.9328078483021031,0.003961758913002969,0.9970688130998521
1619,"py-2,2[2]",ntf2,-0.7722630668587227,0.0035426603475113743,0.9986601577632275
1620,"py-2,2[2]",so4-2,-0.876020485720872,0.003531378794749075,0.999946454617543
1621,"py-2,3[2]",ntf2,-0.8613378909224246,0.0037268188050791993,0.999175789381464
1622,"py-2,4[2]",ntf2,-0.8757989785891624,0.003763423385913791,0.9993645463504996
1623,"py-2,5[2]",ntf2,-0.8734610313840485,0.003757259954950211,0.9994848033171391
1624,"py-2,6[2]",ntf2,-0.877482496743816,0.003747209493708932,0.9995771485773738
1625,"py-2,7[2]",ntf2,-0.8791523781154703,0.003724924239972751,0.9996447377640886
1626,"py-2,8[2]",ntf2,-0.8821860137582069,0.003695097816572989,0.9997726525124889
1627,"py-2,cn[2]",ntf2,-0.9252669199473058,0.003599885985144,0.9968040084306582
1628,"py-2,cn[2]",so4-2,-0.8650411752659926,0.0033247020804911204,0.9952056672385261
1629,"py-2,cn[3]",ntf2,-1.0292759761218855,0.003880593459725639,0.9935099721843549
1630,"py-2,cn[3]",so4-2,-0.8654254906719432,0.0031418558438790355,0.9977774642711956
1631,"py-2,cn[4]",ntf2,-0.9796833545019655,0.0037685071300022363,0.9994542267062444
1632,"py-2,cn[4]",so4-2,-0.9496823912902964,0.003443775213257676,0.9982878745752979
1633,"py-2,coo2[3]",so4-2,-0.8176014051070414,0.0030479370746312987,0.9965242837297372
1635,py-2,fap,-0.7892359452295317,0.0035144847794272996,0.9993105449481734
1636,py-2,ntf2,-0.7395197738872907,0.0035861897695285607,0.9965078404678784
1637,py-2,otf,-0.7619767295289862,0.0035389457260515495,0.9995547812646847
1639,py-2,so4-2,-0.8909372807963521,0.003770318849884367,0.9928300461887546
1641,py-2o1,ntf2,-0.8108173229002272,0.003716489748343442,0.9982269385084097
1643,py-2oh,ntf2,-0.9007979651394781,0.00383715427855399,0.998806866676232
1644,"py-3,1[3]",ntf2,-0.8269941418699265,0.003787243438148839,0.9959668821486786
1645,"py-3,1[3]",pf6,-0.9532015124764747,0.0037233963857482718,0.9998765305725639
1646,py-3,bf4,-0.9485687293217223,0.0039810931785821775,0.9999157002976508
1647,py-3,ntf2,-0.7732622748361153,0.003651249037907246,0.9975777889138452
1657,py-3oh,ntf2,-0.7997600477579601,0.003488739950493906,0.9939365158300449
1658,"py-4,1[2],1[3]",ntf2,-0.9985995762216227,0.004118961037395443,0.9996067717784831
1659,"py-4,1[2]",bf4,-0.9424331999694556,0.0037218729276690178,0.9998216697568696
1660,"py-4,1[2]",ntf2,-1.0634516255946176,0.004411413577696565,0.9964839690569719
1661,"py-4,1[3],1[5]",ntf2,-0.9565752006231718,0.004113502558860516,0.9994123048646468
1662,"py-4,1[3]",bf4,-1.010892280039688,0.004112279582433621,0.9749964351601932
1663,"py-4,1[3]",ccn3,-0.8510135229109752,0.00396022805409522,0.9971218675071883
1664,"py-4,1[3]",dca,-0.8376382973410884,0.003952521422083609,0.9941602778461158
1665,"py-4,1[3]",fap,-0.9391214436183059,0.003977567879784809,0.9973590481200686
1666,"py-4,1[3]",ntf2,-0.835337381192412,0.0037644424083433372,0.9980891825682549
1667,"py-4,1[3]",otf,-0.899754527245931,0.0038121061329164942,0.9977785544314266
1668,"py-4,1[3]",tcb,-0.9626135257505641,0.004322621441403541,0.9980234228841545
1669,"py-4,1[3]",tdi,-1.095553981125757,0.004582545936452212,0.9980382851414012
1670,"py-4,1[4]",alcl4,-0.7849720948009911,0.003729251989106569,0.9992879812331891
1671,"py-4,1[4]",bf4,-0.9845257354040535,0.00398519781751777,0.995197195053905
1672,"py-4,1[4]",ccn3,-0.9159038475776173,0.004216874760610327,0.9977094409776501
1673,"py-4,1[4]",ntf2,-0.8563578830767401,0.0038796781081619582,0.9976405753389728
1674,"py-4,1[4]",scn,-0.9326971934321453,0.004018165701611463,0.9994623858129041
1675,"py-4,cn[3]",ntf2,-0.8735192263696698,0.003344249564972031,0.9876114771346397
1676,"py-4,cn[4]",ntf2,-0.896391091449223,0.003566795333220136,0.9856040517714536
1677,"py-4,coo4[3]",ntf2,-0.886735112978721,0.0034903033692962834,0.9989590630389584
1678,"py-4,dma[4]",ntf2,-0.8932537234519832,0.003887720696498501,0.9995370112704848
1679,py-4,al(ohfip)4,-0.8840069556395603,0.004034097833112335,0.9989687304495101
1680,py-4,alcl4,-0.47681175907849005,0.002736183898861839,0.9884195289617269
1681,py-4,bf4,-0.948058708817961,0.003930323418865411,0.9673675095437039
1682,py-4,dca,-0.7890514611693739,0.0038211412855099136,0.9983780716277392
1683,py-4,no3,-0.9369754397746343,0.0037725590163552544,0.9999371125405967
1684,py-4,ntf2,-0.7783568102372294,0.0036101452387533872,0.9326318105356999
1685,py-4,otf,-0.8748861614121144,0.0037207778331269266,0.9999369987723968
1686,py-4,scn,-0.8427551676175978,0.0037286017015641733,0.9994030823654476
1688,"py-4i,1[3]",ntf2,-0.9102577532830401,0.0039049589515878233,0.9988940798300949
1689,py-4so3h,hso4,-0.7322760567314534,0.002863678099230077,0.9996581921859605
1690,py-4so3h,otf,-0.8107131241932404,0.003281629974227603,0.999923238558771
1691,py-5,ntf2,-0.9127354930523626,0.003992839989586032,0.9999272835823865
1696,"py-6,1[3],1[5]",ntf2,-0.9095099748745112,0.0038810296067991953,0.9985923283179569
1697,"py-6,1[3],dma[4]",ntf2,-0.8939854665037398,0.003814155039727605,0.9999550129041475
1698,"py-6,1[3]",ntf2,-0.8640894841261185,0.003787033083048643,0.9977941108334849
1699,"py-6,1[4]",alcl4,-0.8001682760378381,0.0036638264424642447,0.9981049280674094
1700,"py-6,1[4]",ntf2,-0.8951419654734635,0.003910798522103388,0.9996470522605293
1701,"py-6,2[2],1[3],1[5]",ntf2,-0.9303165739722643,0.003769527788793279,0.9994011601815663
1702,"py-6,3[2],2[3],2[5]",ntf2,-0.9115648763701374,0.0037398544696162386,0.9998349068783005
1703,"py-6,cn[3]",ntf2,-0.8872765484888255,0.003379514415820505,0.999611116999097
1704,"py-6,cn[4]",ntf2,-0.9324348727321456,0.0035974351786231705,0.9998312497338159
1705,"py-6,dma[4]",ntf2,-1.0039889422299446,0.004183949847119451,0.9942931829039148
1706,py-6,alcl4,-0.47647472808488045,0.0025994290666522903,0.9981973484920347
1708,py-6,ntf2,-0.9630374983979842,0.0040581402975170145,0.8516539563172836
1709,py-6,scn,-0.8919782842443623,0.003752726057322419,0.9997679885830159
1710,py-7,ntf2,-0.8391401521792746,0.003663581423040491,0.999324707119195
1711,"py-8,1[2],1[3]",ntf2,-0.996898887084166,0.004040561847794204,0.9993901972445622
1712,"py-8,1[2]",ntf2,-1.0163180309138142,0.004196782862109759,0.9996600969755506
1713,"py-8,1[3],1[5]",ntf2,-0.9729876141893892,0.00404335407368535,0.9993584916806725
1714,"py-8,1[3]",alcl4,-0.5754632740231213,0.0026706154868423233,0.9978305731502778
1715,"py-8,1[3]",bf4,-0.9565420240061737,0.0037415198806252502,0.9783251756538436
1716,"py-8,1[3]",ntf2,-0.8866885988767387,0.00379087839679125,0.9999228086644527
1717,"py-8,1[4]",alcl4,-0.7413633783183399,0.0033271933700942244,0.998000819408084
1718,"py-8,1[4]",bf4,-0.9473769416780567,0.0037220695428497328,0.9991244102287046
1719,"py-8,1[4]",ntf2,-0.8784743905113154,0.003771119901382002,0.9990777678473204
1720,"py-8,1[4]",otf,-0.8786398649341339,0.0035185858361836647,0.9999969792831616
1721,"py-8,cn[3]",ntf2,-0.8709081626218901,0.0032852949044126557,0.9990135430006611
1722,"py-8,cn[4]",ntf2,-0.8446445746791358,0.0033388562634961766,0.9970446915573796
1723,py-8,alcl4,-0.5924608922868575,0.0029411276423415064,0.9993426040023795
1724,py-8,bf4,-0.8432955645529047,0.0034852466199047374,0.9996338988627418
1725,py-8,ntf2,-0.8038086348257897,0.00354724982851565,0.9196975254743638
1726,py-8,scn,-0.8632790639361435,0.0035368852264632124,0.9999867885215682
1727,py-[2o]21,cl,-0.8458911411794784,0.003003473007105092,0.9931209188239889
1728,py-[2o]21,ntf2,-0.8263724141265376,0.0037455186781278015,0.998144765570394
1729,py-[2o]31,cl,-0.8228113063830809,0.002937004389894849,0.9929397247906063
1730,py-[2o]31,ntf2,-0.8974830733548907,0.0038866657353539627,0.9986879313851273
1731,py-[2o]41,cl,-0.8056455735347782,0.002918186683891263,0.9937691061098666
1735,py,1ac,-0.5840154220255048,0.004650453389102588,0.9989005255207243
1736,py,ac,-0.5684334043436385,0.004679853383669109,0.9993707277508781
1737,py,for,-0.5395652376888487,0.004631960577957569,0.9997049400582811
1738,pyr-1(o)pyr,ntf2,-1.0308033607712241,0.004128454046169929,0.999334351704614
1741,"pyr-10,1",ntf2,-0.819139558636821,0.003492745476738759,0.9994123791802823
1742,pyr-1,bf4,-0.5348958045919088,0.002969474310030005,0.9994434457485255
1743,pyr-1,for,-0.16845824009930188,0.0013863196063919644,0.9967708112287301
1744,pyr-1,hso4,-0.6034065108557902,0.002603239018059268,0.8286647331896939
1745,"pyr-1ch,1",ntf2,-0.8937687457575092,0.003619588286343948,0.9996335115825499
1750,"pyr-1o1,1",fsa,-0.5349694323876037,0.0030127828634028127,0.998269694787216
1751,"pyr-1o1,1",ntf2,-0.6887422824594507,0.003405670000483465,0.9981526280936579
1752,"pyr-1ph,1",ntf2,-0.9503803625432575,0.003759957302253998,0.998280924216101
1753,"pyr-2,1",dca,-0.7135676905882977,0.003650782645251959,0.9993551970876939
1754,"pyr-2,1",po3h-2,-1.2152562263033582,0.004737599584014822,0.9866950539755683
1755,"pyr-2,1",so4-2,-0.6482799927927038,0.0028869133146770874,0.8390870604909422
1761,"pyr-2o1,1",fap,-0.8274745609232839,0.003587521070335793,0.9994156537664176
1762,"pyr-2o1,1",fsa,-0.5963015360019646,0.003189523410485766,0.9944595772360502
1763,"pyr-2o1,1",im41,-0.9110122551247649,0.00384185656093811,0.997835496168827
1764,"pyr-2o1,1",npf2,-0.868582508007709,0.003713865962271403,0.9984567248679924
1765,"pyr-2o1,1",ntf2,-0.7537552253142582,0.0035419396343240946,0.990882411058993
1766,"pyr-2o1,1",ntfso2f,-0.4352516951927532,0.002356636064544948,0.9965305770551339
1767,"pyr-2o1,2o1",ntf2,-0.8938645749274675,0.003976129420013774,0.9560659737513425
1768,"pyr-2o1,2o2",ntf2,-0.8986673339019047,0.004040619265107789,0.9989611163165458
1771,"pyr-2o2,1",ntf2,-0.7808259860953658,0.00364064256033587,0.9989980955187563
1773,"pyr-2oh,1",ntf2,-0.7843691591508712,0.003541778772839018,0.9877274528979376
1778,"pyr-3,1",fsa,-0.5294050487816919,0.0028830051872332724,0.994954852366141
1782,"pyr-3,1",ntf2,-0.731710826828706,0.003456983029096125,0.9781219008290902
1783,"pyr-3,1",ntfso2f,-0.398377403594177,0.002192666326272158,0.9968487880802448
1784,"pyr-3,1",tfesi,-0.9690339868946072,0.003978532862912387,0.9997765558606547
1785,"pyr-3[oh]2,1",ntf2,-0.7625979120423912,0.002939725139368337,0.9986870284389388
1786,"pyr-3cn,1",scn,-0.8674901029540154,0.0034204011374477494,0.99808675119419
1787,"pyr-3oh,1",ntf2,-0.7323677597539372,0.0032764892141511452,0.9993820105043306
1788,"pyr-3oh,1",scn,-0.9033009889250424,0.003696496451753657,0.9982981844934077
1789,"pyr-4,1",ac,-0.9935550623864585,0.0041706625665137555,0.9991312900170662
1790,"pyr-4,1",al(ohfip)4,-0.7120694828726256,0.003424955809074443,0.9990993412252129
1793,"pyr-4,1",ccn3,-0.6236658912255622,0.0033411367515524242,0.9993019009331637
1794,"pyr-4,1",dca,-0.5914266331374772,0.003138037953948748,0.9878539042513085
1795,"pyr-4,1",fap,-0.7827700735834274,0.003287799564028146,0.9663097491582121
1797,"pyr-4,1",fsa,-0.5829530025283319,0.0029664028426540706,0.9909020204531709
1801,"pyr-4,1",ntf2,-0.6447102429665703,0.003094337663213632,0.9504070218734468
1802,"pyr-4,1",ntfso2f,-0.40537242743205276,0.002119684062318853,0.9976579244867585
1803,"pyr-4,1",otf,-0.790289953721621,0.0033828105134884605,0.9971032283476234
1804,"pyr-4,1",po3h-4,-1.0518320718093666,0.004119654243241366,0.9861992947601138
1805,"pyr-4,1",scn,-0.7488071760781089,0.003335505508696229,0.9997168909249687
1806,"pyr-4,1",so4-2,-0.8930073775066127,0.0035223584315873884,0.999912993633919
1807,"pyr-4,1",so4-4,-0.7463985408437401,0.002928846948674156,0.9999927906398851
1808,"pyr-4,1",tcb,-0.7650991077962769,0.003627566228331366,0.9983797236611301
1809,"pyr-4,2",so4-2,-0.893639874823795,0.0034784848687491265,0.9986354594022103
1810,pyr-4,ntf2,-0.8810984362489869,0.003971782390704862,0.9989563408743448
1811,"pyr-4i,1",ntf2,-0.8537470748942094,0.0035990585699735116,0.9994839583276032
1812,"pyr-5,1",ntf2,-0.8023438138401879,0.0035638460067879793,0.9985728693958917
1814,"pyr-6,1",ntf2,-0.8132080166857699,0.003578360452009848,0.9998409759117941
1815,"pyr-6,1",po3h-6,-1.0502990649478192,0.004103466883990072,0.9876215363565786
1819,"pyr-8,1",po3h-8,-1.1462250395323488,0.004733498712187719,0.989549906179542
1820,"pyr-[2o]21,1",ntf2,-0.7854549884672447,0.0036703960613885915,0.9985606500770662
1821,"pyr-[2o]21,[2o]21",ntf2,-0.9952494203760864,0.004138887643084426,0.9972861078868914
1829,pyr,6ac,-0.8385659947724229,0.003877493362891911,0.8353813604136527
1831,pyr,ac,-0.7539109286420732,0.003845129735163475,0.9797496940138233
1832,pyr,for,-0.3885534485635348,0.0038303935179885193,0.5880581926024664
1833,pyr,hso4,-0.571458923926812,0.0026221169839730266,0.9993716058107653
1834,pyr,no3,-0.21552946902888648,0.002534112614547915,0.21199642372653338
1835,pyr,ntf2,-0.8255160873911818,0.003685543598219867,0.999025505893659
1839,pyr,tfa,-0.41274679877574877,0.00274858984629449,0.9895991092891477
1848,"pyrro-1,1",br,-1.5750136132220844,0.00738070616228136,0.92824129255882
1854,pyrro-1,1ac,-0.5187822123002904,0.004210607754942668,0.9972409320286449
1855,pyrro-1,2ac,-0.6313159353434795,0.004422826346335445,0.9979087569058683
1856,pyrro-1,3ac,-0.6638753109349772,0.004460947111112925,0.9984177629102029
1857,pyrro-1,4ac,-0.7218075225136694,0.004556610427782384,0.9985959790520017
1858,pyrro-1,ac,-0.48857227113303103,0.004158443165048508,0.996879724162184
1859,pyrro-1,bf4,-1.1016217351639461,0.004367165061087504,0.9999614808054584
1860,pyrro-1,for,-0.35742932902341684,0.003849256366328916,0.9956883091336625
1861,"pyrro-1epoxy,1",ac,-1.0731174079085726,0.005601634614768727,0.9996819537325036
1862,"pyrro-1epoxy,1",cl,-0.4057421396872648,0.004336062068650878,0.999776918935172
1863,pyrro,4ac,-0.9787658541155838,0.004871378264370046,0.9993762608879443
1864,pyrro,ac,-0.9815739209743642,0.0051027444395269446,0.9991387445939269
1866,pyrro,for,-0.8569961821871561,0.004822658125662906,0.9990663812400723
1869,"pz-2,1",dca,-0.825103369090751,0.004056164368310983,0.9993082551165497
1871,"pz-2o1,1",dca,-0.9751538998362697,0.004421442317794583,0.998509952618683
1873,"pz-2o1,2",dca,-0.936763026032585,0.004313359984443313,0.9984978582097337
1874,"pz-2o2,1",dca,-0.9321748865474943,0.004259986428069783,0.9986092845237793
1875,"pz-2o2,2",dca,-0.9062004312972265,0.004225581561292292,0.9984515416802158
1876,"pz-3,1,1[3],1[5]",ntf2,-0.9642153331053919,0.004139094643318366,0.9999021251231835
1877,"pz-4,1,1[3],1[5]",dca,-0.9686847064263,0.00421477090998542,0.9886781094005254
1878,"pz-4,1,1[3],1[5]",ntf2,-0.8557499654748134,0.003795777636737523,0.9975816791210808
1879,"pz-4,1",dca,-0.806630189580004,0.0039384285042120964,0.9962247501966885
1880,"pz-4,1",ntf2,-0.835071450091214,0.003743627710768177,0.9951710423253808
1881,"pz-ph,1,1[3],1[5]",so3-1,-1.181611955726843,0.004198671108142978,0.9998353849721686
1883,"pz-ph,5,1[3],1[5]",bf4,-0.9916454298987591,0.0035663341533365587,0.9997085320861514
1885,"pz-ph,6,1[3],1[5]",bf4,-1.0116090293297628,0.0036061369413367675,0.999714898810549
1890,quin-6,ntf2,-0.9820346159798407,0.0038168169188903998,0.9998799274928266
1892,quini-4,ntf2,-0.9399450026673254,0.00377073449347257,0.9980689434676224
1893,quini-6,scn,-1.000377555704931,0.0038144484634245173,0.9999369576532606
1894,quini-8,fsa,-0.8708037764085107,0.0035084555812229168,0.9995194634408133
1895,quini-8,ntf2,-0.9484129506922347,0.0037500779102390557,0.9999854411337156
1896,quini-8,scn,-0.8726951355318906,0.003234324461903321,0.997764343522283
1897,"s-1,1,1",dca,-0.6473748778748575,0.0034190941633961795,0.9888633410121244
1899,"s-1cch,1,1",ntf2,-0.49076414549126174,0.002481805769587066,0.9997077138047344
1900,"s-1coo2,1,1",ntf2,-0.6553787024348334,0.002942108087738358,0.9850627305144886
1901,"s-2,1,1",dca,-0.6287493782120158,0.003424438254272886,0.9974211190309441
1902,"s-2,1,1",ntf2,-0.8269352836873769,0.0038341243527122313,0.9994441280150174
1903,"s-2,2,1",dca,-0.5951047297099193,0.0033457822574210283,0.997360705727178
1904,"s-2,2,1",ntf2,-0.6615037349052346,0.0033459504477517236,0.9844041624266734
1906,"s-2,2,2",dca,-0.6118921386614092,0.0034386816527459795,0.9971496880757424
1907,"s-2,2,2",ntf2,-0.6626606970178257,0.0033968710111085135,0.9947030730559083
1909,"s-3,1,1",ntf2,-0.7684577714444091,0.003610954654232108,0.9995054969424959
1910,"s-3,2,1",ntf2,-0.8578658097727407,0.0039996871714339305,0.9995198585399911
1911,"s-3,2,2",ntf2,-0.8850722209678157,0.004131841733809483,0.9994640952455353
1912,"s-3,3,1",dca,-0.7114217785244545,0.003644274507914628,0.9978901724420345
1913,"s-3,3,2",dca,-0.704804859373405,0.003629139373481884,0.9984760230755231
1914,"s-4,1,1",ntf2,-0.8769867775903374,0.003902402491571235,0.9991332682264613
1915,"s-4,2,1",ntf2,-0.9089383946987553,0.004088313231656858,0.9991925385885667
1916,"s-4,2,2",ntf2,-0.9035345520536145,0.004131386829294355,0.9993530131773632
1917,"s-4,4,1",dca,-0.7583037817871731,0.0035874327184320853,0.9988785378991328
1918,"s-4,4,2",dca,-0.7787344886174271,0.0036913214770062813,0.9993350154805074
1920,"s-5,1,1",ntf2,-0.938139129132575,0.004055686861988897,0.9987548892902361
1921,"s-5,2,1",ntf2,-0.9007143936224011,0.004023026946156894,0.9991943390970941
1922,"s-5,2,2",ntf2,-0.8969758778776724,0.004106561320692097,0.9993708694916952
1924,tht-1,dca,-0.7058725580774138,0.0034663214210788654,0.9989007590199787
1925,tht-2,dca,-0.6907998488206564,0.0034616775419906887,0.9978330082203065
1926,tht-2,no3,-0.7163798904568286,0.0030903051257295646,0.9989725314959876
1928,tht-4,dca,-0.8471707891564477,0.003865414528112684,0.9934708752201713
1929,tht-4,ntf2,-0.9077292256479531,0.003942825847872117,0.9803425358977734
1932,thtp-4,ntf2,-0.9040507262223595,0.003858638273837643,0.9171139996879467
1934,"thz-1coo2,1[4]",ntf2,-1.0848377819986013,0.00418246250437323,0.9998302919078577
1935,"thz-1ph,1[4]",ntf2,-1.0523973013586152,0.004196939466964932,0.9998436137774627
1936,"thz-1ph,2oh[5],1[4]",ntf2,-0.9992752005413753,0.00402014412647786,0.9989896284516369
1937,"thz-2,2oh[5],1[4]",ntf2,-1.035927146667876,0.0038698162058995542,0.9994765629984261
1938,"thz-2oh,1[4]",ntf2,-1.1001077100193377,0.0041847725820969486,0.9997574697532742
1939,"thz-4,1[4]",ntf2,-0.9637165091866758,0.004020845074273316,0.9994971794711744
1945,"trz124-10,1",ntf2,-0.9594761679227752,0.0038892445541452176,0.9999854154552877
1946,"trz124-12,1",ntf2,-0.954561719512636,0.0038016209541775277,0.9999395621542355
1947,"trz124-2,1",ntf2,-0.916922614695473,0.004033049745418103,0.9990381389702122
1948,"trz124-3,1",bf4,-0.9614371743952137,0.0039572142935836545,0.9996803100830075
1949,"trz124-3,1",i,-1.00978242223719,0.003760234478924292,0.9996292421566271
1950,"trz124-3,1",no3,-1.0082603730100799,0.004040603872655584,0.9999618562117951
1951,"trz124-3,1",ntf2,-0.9713975257059759,0.004141114191163785,0.9996339901811215
1952,"trz124-3,1",otf,-0.9461150689612844,0.003949162449859006,0.9999920461508244
1953,"trz124-3,1",so3-1,-1.03400550214708,0.003985940776603649,0.999683677597034
1954,"trz124-3,1",so3-ph1,-1.0202088792748945,0.0036657063441577977,0.9975366830568962
1955,"trz124-4,1",ntf2,-0.9627710477602223,0.004064399875830122,0.9998633328332952
1956,"trz124-4so3h,5",otf,-0.8629224340676096,0.003707480744147141,0.9993797053555257
1957,"trz124-4so3h,5",tfa,-1.0995108291154263,0.004889004785868329,0.9985321292391169
1958,"trz124-6,1",ntf2,-1.013200515106343,0.0041915613539643265,0.9999851616614767
1959,"trz124-8,1",ntf2,-1.0078533948961073,0.004091533755961861,0.9998813519068704
1960,"turea-2,(1,0),(1,0)",so4-2,-1.0276313830314476,0.004031513345840631,0.999958945884439
1961,"turea-2,(2,0),(2,0)",ntf2,-0.8661452217813606,0.0038886068612550002,0.9986299317053136
1962,"turea-2,(2,0),(2,0)",so4-2,-0.8167748106930562,0.0034276353279492043,0.9995728681489066
1963,turea-2,so4-2,-0.7515037893875811,0.0028386461986107743,0.998960578307476
1964,"turea-4,(1,0),(1,0)",ntf2,-0.9198366214591895,0.003906353694009608,0.9997367823798166
1965,"turea-4,(1,1),(1,1)",ntf2,-0.895281711828131,0.004174424299714184,0.9982749266901807
1966,"turea-4,(2,0),(2,0)",ntf2,-0.7874565575710786,0.003509392691750184,0.9995706821451793
1967,turea-4,ntf2,-0.903551627310639,0.0035773034149551176,0.9999470312811914
1968,"turea-6,(1,0),(1,0)",ntf2,-1.1739027141262801,0.005126756485573031,0.9977043109628402
1969,"turea-6,(1,1),(1,1)",ntf2,-1.7640306883669525,0.006976844364561791,0.8185547925264447
1970,turea-6,ntf2,-0.9810942511902534,0.0038886068780699433,0.998474301160034
1971,"turea-8,(1,0),(1,0)",ntf2,-0.8845570726430412,0.003742316392061472,0.9996277796569959
1972,"turea-8,(1,1),(1,1)",ntf2,-1.766118202760363,0.006882251948757455,0.8656835287684713
1973,"turea-8,(2,0),(2,0)",ntf2,-0.8136590528535871,0.0034019828256659913,0.9991259345172249
1974,turea-8,ntf2,-0.8145395206606606,0.0032885583574199426,0.9991789008298417
